id,player_name,games,time,goals,xG,assists,xA,shots,key_passes,yellow_cards,red_cards,position,team_title,npg,npxG,xGChain,xGBuildup
12413,Joaquín Panichelli,12,965,9,8.13101227581501,0,1.2870747242122889,31,12,2,0,F S,Strasbourg,7,6.610822021961212,7.520020255818963,0.8321280889213085
7490,Mason Greenwood,11,881,8,7.047798562794924,3,2.930662644095719,38,22,0,0,M S,Marseille,4,3.247322890907526,8.490191091783345,4.7991443099454045
12850,Esteban Lepaul,12,1015,8,5.972689960151911,3,1.3655735403299332,28,8,0,0,F,"Angers,Rennes",8,5.972689960151911,8.415500178933144,1.7997430264949799
6846,Sofiane Diop,12,717,6,3.919323403388262,1,1.3647134397178888,23,11,2,0,F M S,Nice,4,2.3991331048309803,5.859173137694597,2.3634499963372946
3697,Odsonne Edouard,9,536,5,4.427976056933403,1,0.6170262359082699,12,3,1,0,F S,Lens,4,3.6678809374570847,3.6524670384824276,1.5069359615445137
3799,Wesley Said,12,801,5,4.714987471699715,2,3.1237102914601564,19,9,0,0,M S,Lens,4,3.954892322421074,6.771788984537125,1.4625856652855873
7967,Anssumane Fati,8,328,5,6.772096857428551,0,0.8263416849076748,15,7,1,0,M S,Monaco,2,3.7317163087427616,4.803097195923328,1.3018718585371971
9656,Ilan Kebbal,12,1056,5,3.147646361961961,4,2.1918135695159435,27,29,2,0,F M,Paris FC,4,2.3875512424856424,8.189607635140419,4.810207391157746
318,Pierre-Emerick Aubameyang,10,634,4,4.355336109176278,2,2.165339643601328,16,7,0,0,F S,Marseille,4,4.355336109176278,7.4202519450336695,2.08961084112525
3721,Romain Del Castillo,11,947,4,3.3867028802633286,2,4.0087408274412155,14,28,0,0,F M,Brest,1,0.34632236510515213,5.5738892033696175,2.1975789852440357
5727,Gauthier Hein,10,824,4,3.2995157577097416,2,1.737517360597849,12,17,1,1,M S,Metz,1,1.0192303098738194,2.5424418933689594,0.7624590396881104
9690,Folarin Balogun,10,578,4,4.603705782443285,1,1.0086356699466705,23,4,0,1,F S,Monaco,3,3.8436106629669666,5.296509053558111,0.5397111847996712
10016,Bradley Barcola,10,654,4,3.954571783542633,0,0.5742507241666317,25,10,2,0,F S,Paris Saint Germain,4,3.954571783542633,4.209208287298679,1.065392754971981
10193,Frank Magri,12,982,4,3.4294589906930923,0,0.6529810912907124,21,10,2,0,F M,Toulouse,4,2.669363856315613,2.6887747049331665,0.8926983810961246
10347,Pablo Pagis,9,481,4,2.2800890281796455,0,0.4738069511950016,12,6,1,0,F M S,Lorient,3,1.5199938789010048,2.1987463645637035,0.8892041184008121
11757,Hákon Haraldsson,11,931,4,3.695604756474495,1,2.1019976809620857,24,23,2,0,F M,Lille,4,3.695604756474495,9.324476681649685,4.825081754475832
11817,Emanuel Emegha,5,298,4,3.438578512519598,2,1.2349117398262024,13,2,2,0,F S,Strasbourg,4,3.438578512519598,4.004216939210892,0.3573741316795349
12734,João Neves,6,376,4,0.8091264329850674,0,0.20140643417835236,10,3,0,0,M S,Paris Saint Germain,4,0.8091264329850674,2.015878275036812,1.7018247246742249
13330,Robinio Vaz,11,275,4,2.6571158915758133,2,0.8693969547748566,7,3,2,0,F S,Marseille,4,2.6571158915758133,4.259976655244827,1.8753618225455284
13735,Pavel Sulc,11,488,4,2.9949103705585003,1,0.9737072288990021,16,6,2,0,F M S,Lyon,4,2.9949103705585003,5.440686468034983,2.3472961392253637
13976,Hamza Igamane,10,290,4,2.3742270935326815,1,0.22245433181524277,19,3,1,0,F S,Lille,4,2.3742270935326815,4.0911727119237185,1.636221669614315
3603,Corentin Tolisso,12,957,3,3.6398146748542786,0,1.2546832049265504,20,11,2,0,F M S,Lyon,3,2.87971955537796,7.408629411831498,4.44190739095211
5356,Breel Embolo,9,527,3,1.6779621317982674,0,0.12069968413561583,10,4,0,0,F S,Rennes,3,1.6779621317982674,2.358838051557541,0.8381970375776291
5598,Angel Gomes,11,792,3,2.031739739701152,0,1.050745164975524,10,17,3,0,M S,Marseille,3,2.031739739701152,7.031231646426022,4.369987499900162
5769,Habib Diallo,9,799,3,3.6928624138236046,1,0.4804577212780714,16,7,0,0,F,Metz,3,2.932767264544964,4.426657363772392,1.2933825999498367
6874,Yann Gboho,12,1006,3,2.067433040589094,2,1.631450129672885,21,23,0,0,F M S,Toulouse,3,2.067433040589094,4.3352210484445095,0.7672033943235874
7169,Moses Simon,12,941,3,2.11162031814456,2,2.29688773304224,20,11,0,0,F M S,Paris FC,3,2.11162031814456,6.427629575133324,2.4691998157650232
9220,Charlie Cresswell,12,1080,3,2.035495890304446,1,0.29591384157538414,18,5,3,0,D,Toulouse,3,2.035495890304446,2.5444464199244976,1.7404211908578873
9444,Felix Correia,12,901,3,2.7805086113512516,4,3.4718869365751743,16,18,0,0,M S,Lille,3,2.7805086113512516,9.13879326172173,4.1390550304204226
10058,Maghnes Akliouche,11,881,3,3.000125739723444,2,2.5193859580904245,19,14,1,0,F M S,Monaco,3,3.000125739723444,9.065034687519073,4.2316524386405945
10815,Lassine Sinayoko,12,1024,3,3.1341574154794216,1,1.8381750658154488,25,12,2,0,F M,Auxerre,2,2.3740623258054256,5.234232485294342,1.9194514658302069
11790,Rassoul Ndiaye,12,760,3,1.5786938816308975,0,0.10640988312661648,13,3,0,0,M S,Le Havre,3,1.5786938816308975,2.8343005813658237,1.187478169798851
11792,Issa Soumaré,12,1080,3,5.276302530430257,2,2.3359203822910786,28,15,1,0,F M,Le Havre,2,4.516207410953939,6.561360899358988,1.50377076305449
12045,Aron Dønnum,11,990,3,3.1866684928536415,2,2.7013006191700697,17,24,5,0,D F M,Toulouse,0,0.9063831083476543,3.0956701897084713,1.2021557576954365
12049,Aiyegun Tosin,12,671,3,4.00079808011651,0,0.924463726580143,18,8,1,0,F M S,Lorient,3,3.240702960640192,3.4522516541182995,0.23765096068382263
12847,Sidiki Chérif,12,702,3,2.057561807334423,0,0.09498778358101845,22,3,3,0,F M S,Angers,3,2.057561807334423,3.32216939330101,1.4050110932439566
13604,Prosper Peter,10,544,3,3.7080376353114843,0,0.31092379055917263,12,6,0,0,F S,Angers,3,3.7080376353114843,4.256882511079311,0.2840670831501484
502,Olivier Giroud,10,758,2,3.8512452840805054,1,1.1301294155418873,22,11,1,0,F S,Lille,2,3.091150164604187,4.755128793418407,1.0847662780433893
942,Florian Thauvin,12,943,2,5.016714792698622,2,3.494321081787348,19,27,3,0,M S,Lens,1,3.4965245313942432,7.401338428258896,2.6639005318284035
2082,Youssef El-Arabi,10,339,2,1.1226822659373283,0,0.25973919965326786,5,5,0,0,F S,Nantes,2,1.1226822659373283,1.1261246744543314,0.17710678279399872
2897,Aleksandr Golovin,7,460,2,1.9629623964428902,0,0.21017838269472122,9,3,1,0,M S,Monaco,2,1.9629623964428902,3.088876888155937,1.0970534086227417
3226,Ousmane Dembélé,6,289,2,2.72651407122612,1,1.316590290516615,12,13,0,0,F S,Paris Saint Germain,0,0.44622863829135895,1.8587195239961147,1.137287512421608
3357,Djibril Sidibe,12,748,2,1.0299489200115204,0,0.23332560434937477,4,3,1,0,D S,Toulouse,1,0.269853800535202,1.5794522166252136,1.1975083947181702
3475,Ludovic Blas,10,601,2,2.090403444133699,1,1.7973453775048256,20,14,0,0,D F M S,Rennes,1,1.3303082948550582,4.902794397436082,2.779982753098011
3544,Jeremie Boga,12,619,2,2.234270312823355,2,1.6369210360571742,14,12,0,0,F M S,Nice,2,2.234270312823355,4.7120687467977405,1.2943184366449714
3674,Abdoulaye Touré,10,680,2,1.517978715710342,0,0.18538137339055538,12,3,1,0,M S,Le Havre,2,0.7578835776075721,2.0524860601872206,1.2704324144870043
5197,Achraf Hakimi,9,650,2,1.4760182723402977,0,0.6788475587964058,10,10,2,0,D F S,Paris Saint Germain,2,1.4760182723402977,4.166489513590932,2.6066342666745186
5696,Vincent Marchetti,8,327,2,1.4796437174081802,0,0.08343163877725601,14,2,1,0,M S,Paris FC,2,1.4796437174081802,2.5805306918919086,1.0495298989117146
6500,Romain Perraud,10,805,2,0.6387900225818157,1,1.927764892578125,13,19,3,0,D,Lille,2,0.6387900225818157,5.1351161897182465,3.8488547429442406
6935,Naif Aguerd,8,713,2,0.4923657774925232,0,0.040224586613476276,3,2,2,0,D,Marseille,2,0.4923657774925232,6.636546343564987,6.6230670511722565
8239,Takumi Minamino,11,692,2,2.3087427839636803,2,1.6598212532699108,14,5,3,0,F M S,Monaco,2,2.3087427839636803,5.088660351932049,1.1924032028764486
8684,Fodé Doucouré,11,555,2,1.0877782758325338,1,1.666730647906661,10,11,0,0,M S,Le Havre,2,1.0877782758325338,3.9188560359179974,1.440864633768797
8690,Jean-Phillipe Krasso,12,524,2,2.900290627963841,1,1.6677431175485253,12,11,0,0,F S,Paris FC,1,2.140195512212813,4.328330140560865,0.6574362497776747
8997,Terem Igobor Moffi,8,321,2,1.9307429119944572,0,0.21289914846420288,12,3,0,0,F S,Nice,2,1.9307429119944572,2.4282372891902924,0.5268522128462791
9490,Matthis Abline,12,880,2,3.264413755387068,2,2.3470792528241873,33,12,2,0,F M S,Nantes,2,2.5043185763061047,4.809706663712859,1.5048147290945053
9929,Théo Le Bris,11,576,2,1.1946549736894667,1,0.6168453246355057,10,6,0,0,D S,Lorient,2,1.1946549736894667,2.407658464740962,1.0446965964511037
9961,Nuno Mendes,9,486,2,1.050972145050764,1,0.8457141257822514,10,10,0,0,D S,Paris Saint Germain,2,1.050972145050764,2.9132995195686817,1.6722979918122292
10074,Sambou Soumano,12,364,2,4.1691167913377285,2,1.0229683630168438,15,4,1,0,F S,Lorient,2,3.40902167186141,2.9190176874399185,0.08910206146538258
10100,Kamory Doumbia,8,647,2,1.470996305346489,1,0.6547381989657879,17,7,1,0,M,Brest,2,1.470996305346489,4.148530200123787,2.343980122357607
10485,Guemissongui Ouattara,12,844,2,1.4946447536349297,0,1.3987433463335037,12,3,1,0,D M S,Strasbourg,2,1.4946447536349297,4.468726329505444,3.3080251440405846
10831,Mostafa Mohamed,11,632,2,1.6156998872756958,0,0.15591259859502316,13,4,1,0,F S,Nantes,2,1.6156998872756958,1.8358624912798405,0.1625465750694275
11065,Remy Labeau Lascary,6,181,2,1.1562789902091026,0,0.025988604873418808,5,1,1,0,M S,Brest,2,1.1562789902091026,1.6129091419279575,0.45340217649936676
11164,Martial Godo,8,259,2,1.9715657643973827,0,0.04241777956485748,7,1,2,0,M S,Strasbourg,2,1.9715657643973827,3.490949060767889,1.4769654870033264
11767,Gonçalo Ramos,12,613,2,3.5395875461399555,0,0.3654934922233224,23,6,2,0,F S,Paris Saint Germain,1,2.7794923670589924,2.4137662556022406,0.47334096767008305
12066,Ethan Mbappé,5,25,2,0.573009118437767,0,0.166510459035635,4,4,0,0,S,Lille,2,0.573009118437767,0.716999489814043,0.04589787498116493
12111,Amir Murillo,12,784,2,0.8760440424084663,0,1.1634076312184334,6,10,4,0,D M S,Marseille,2,0.8760440424084663,5.632210738956928,4.159516640007496
12336,Malick Fofana,9,750,2,2.6917807161808014,1,2.1723336465656757,18,9,1,0,M,Lyon,2,2.6917807161808014,6.68719756603241,2.72025478258729
12804,George Ilenikhena,10,184,2,1.1152744889259338,0,0.2268627993762493,11,3,0,0,F S,Monaco,2,1.1152744889259338,2.376696415245533,1.0573195964097977
12844,Bahereba Guirassy,10,608,2,1.7907704506069422,1,0.8307152427732944,11,5,0,0,F M S,Nantes,2,1.7907704506069422,2.9476075023412704,0.4134621173143387
12970,Sebastian Nanasi,4,191,2,1.3730489313602448,1,1.4518436379730701,5,9,0,0,M S,Strasbourg,2,1.3730489313602448,3.5509449504315853,0.8434788975864649
13051,Matias Fernandez-Pardo,12,900,2,3.608704049140215,3,2.4172243773937225,22,17,2,0,F M S,Lille,2,3.608704049140215,6.549607418477535,2.9537297263741493
13210,Mohamed Meïté,11,369,2,2.7013829424977303,2,1.275862343609333,15,4,0,0,F S,Rennes,2,2.7013829424977303,3.170663844794035,1.0723116248846054
13506,Rayan Fofana,11,423,2,3.894588745199144,0,0.10366672649979591,20,2,0,0,F S,Lens,2,3.894588745199144,4.189059697091579,0.5380694270133972
13732,Samson Baidoo,11,941,2,1.3989683827385306,0,0.3310231864452362,11,1,2,0,D S,Lens,2,1.3989683827385306,3.617109678685665,3.215892691165209
13739,Afonso Moreira,10,318,2,0.45600568130612373,2,1.017949272878468,7,4,2,0,M S,Lyon,2,0.45600568130612373,2.119346821680665,0.662741094827652
13888,Danny Namaso,10,819,2,3.18723851069808,0,0.8243499882519245,23,12,3,0,F M S,Auxerre,2,3.18723851069808,4.887946233153343,1.9496136326342821
14082,Emersonn,8,467,2,2.477695368230343,1,0.3239563386887312,22,5,2,0,F S,Toulouse,2,2.477695368230343,2.098948162049055,0.4355022944509983
343,Pierre-Emile Højbjerg,12,937,1,1.6216356419026852,0,1.1910552680492401,17,8,1,0,M S,Marseille,1,1.6216356419026852,8.547570496797562,6.918922950513661
643,Eric Dier,6,540,1,0.5377254784107208,0,0.028601836413145065,3,1,0,0,D,Monaco,1,0.5377254784107208,2.716247744858265,2.6876459047198296
914,Nabil Bentaleb,10,227,1,1.0127260312438011,0,0.12441293895244598,9,2,1,0,M S,Lille,0,0.25263088569045067,3.155013390816748,2.9222722640261054
1144,Seko Fofana,10,649,1,0.6664860304445028,0,0.6452769339084625,8,11,0,0,M S,Rennes,1,0.6664860304445028,3.6288179457187653,2.6162625290453434
1750,Ainsley Maitland-Niles,12,1066,1,1.6533595360815525,2,2.0761019587516785,8,8,0,0,D M S,Lyon,1,0.8932643719017506,5.266586508601904,2.519423719495535
2447,Fabián,7,453,1,0.8535123877227306,1,0.517031928524375,7,6,0,0,M S,Paris Saint Germain,1,0.8535123877227306,2.543166071176529,1.4186408519744873
3223,Benjamin André,10,893,1,1.2855915650725365,1,0.8584655802696943,12,8,5,0,M,Lille,1,1.2855915650725365,5.770808747038245,4.538957163691521
3363,Benjamin Pavard,9,642,1,0.4983973652124405,1,0.9822416454553604,5,4,3,0,D S,Marseille,1,0.4983973652124405,5.5380894765257835,5.419873684644699
3549,Adrien Thomasson,12,1080,1,1.4241144862025976,4,3.8914395049214363,13,36,4,0,M,Lens,1,1.4241144862025976,8.418078415095806,5.124847419559956
3701,Gautier Lloris,11,933,1,0.7191708255559206,1,1.0396993905305862,5,3,1,1,D,Le Havre,1,0.7191708255559206,1.2368027735501528,1.1473307888954878
4764,Jean-Philippe Gbamin,12,1010,1,1.4797195494174957,1,0.6924089472740889,4,7,0,0,D,Metz,1,1.4797195494174957,2.3735786490142345,1.8504162393510342
5619,Pierre Lees-Melou,12,998,1,1.1122839637100697,1,0.6900657005608082,18,8,2,0,M S,"Brest,Paris FC",1,1.1122839637100697,5.31634034216404,4.190091121941805
6332,Willem Geubbels,11,492,1,2.051770120859146,0,0.28818105161190033,17,3,0,0,F S,Paris FC,1,2.051770120859146,2.5176623091101646,0.7460598610341549
6401,Amine Gouiri,6,388,1,2.2147231996059418,1,0.47409508377313614,10,7,0,0,F M S,Marseille,1,2.2147231996059418,2.526019871234894,0.30933333560824394
6905,Ludovic Ajorque,12,1079,1,3.7420469634234905,3,0.9416375616565347,21,14,3,0,F,Brest,1,3.7420469634234905,6.245427826419473,1.8566623702645302
6923,Mohammed Salisu,7,630,1,0.5286853555589914,0,0.04969785735011101,5,1,3,0,D,Monaco,1,0.5286853555589914,2.5210506170988083,2.5082366913557053
7081,Francisco Sierralta,10,869,1,0.7252583894878626,0,0.038721200078725815,7,1,2,0,D S,Auxerre,1,0.7252583894878626,1.4416037444025278,1.4416037444025278
7453,Khvicha Kvaratskhelia,10,491,1,1.55127077922225,2,1.826487597078085,18,10,1,0,F S,Paris Saint Germain,1,1.55127077922225,3.5600407160818577,0.9332259744405746
7562,Eric Junior Dina Ebimbe,9,323,1,1.0578830745071173,0,0.4484984576702118,7,2,0,0,F M S,Brest,1,1.0578830745071173,1.6258131302893162,0.144564688205719
7739,Joris Chotard,11,908,1,0.4562732223421335,0,0.02153991349041462,8,1,1,0,M S,Brest,1,0.4562732223421335,3.934468425810337,3.5254972837865353
7747,Mama Baldé,8,481,1,2.1975828260183334,1,0.3495023883879185,21,4,0,0,F M S,Brest,1,2.1975828260183334,2.164069529622793,0.21845026593655348
8050,Hichem Boudaoui,11,832,1,1.6151243671774864,2,0.9244140163064003,12,10,3,0,M S,Nice,1,1.6151243671774864,3.868870120495558,1.8753471598029137
8119,Boubacar Traore,9,633,1,0.6712152399122715,0,0,7,0,2,0,M S,Metz,1,0.6712152399122715,0.9796656845137477,0.4714362658560276
8187,Georges Mikautadze,2,180,1,1.2365504503250122,0,0,10,0,0,0,F,Lyon,1,1.2365504503250122,1.773119866847992,0.5973338335752487
8190,Melvin Bard,12,986,1,0.15462239366024733,0,0.5910260174423456,7,7,2,0,D M S,Nice,1,0.15462239366024733,3.5006984677165747,2.9451343240216374
8685,Mohamed Ali-Cho,5,313,1,0.3045014999806881,2,0.95438402146101,4,7,0,0,F M S,Nice,1,0.3045014999806881,1.6650861874222755,0.7797326520085335
8697,Jonathan Clauss,9,707,1,0.6478270813822746,2,1.823995804414153,6,19,0,0,D M S,Nice,1,0.6478270813822746,4.181411201134324,2.6368193700909615
8777,Vitinha,11,792,1,0.5413901768624783,6,2.135539947077632,20,16,0,0,M S,Paris Saint Germain,1,0.5413901768624783,6.696137044578791,5.060200545936823
8920,Dilane Bakwa,3,94,1,0.0750504583120346,2,0.6692362725734711,2,3,0,0,S,Strasbourg,1,0.0750504583120346,1.7559681087732315,1.680917650461197
9661,Igor Silva,7,580,1,0.1436774292960763,0,0.26718366239219904,5,6,1,0,D S,Lorient,1,0.1436774292960763,1.5085304398089647,1.3268692288547754
9885,Tanner Tessmann,12,851,1,1.2560622803866863,0,1.2027224451303482,13,8,0,0,M S,Lyon,1,1.2560622803866863,7.103848250582814,5.719291710294783
10091,Tyler Morton,11,968,1,0.7929979600012302,1,0.8468805886805058,12,13,1,1,M,Lyon,1,0.7929979600012302,4.80452192761004,4.1875777542591095
10349,Mika Biereth,11,649,1,2.019286271184683,0,0.41578250005841255,9,6,0,0,F M S,Monaco,1,2.019286271184683,2.9267981834709644,0.7935447618365288
10431,Désiré Doué,6,321,1,1.0834640264511108,1,1.244362734258175,9,9,0,0,F M S,Paris Saint Germain,1,1.0834640264511108,2.4405146911740303,0.5192037895321846
10581,Junior Mwanga,11,980,1,0.7851221673190594,0,0.22813677787780762,5,9,1,0,D M,"Nantes,Strasbourg",1,0.7851221673190594,2.9265130069106817,2.076588561758399
10786,Warren Zaïre-Emery,12,896,1,0.6664957050234079,1,1.5545766120776534,9,17,0,0,D M S,Paris Saint Germain,1,0.6664957050234079,5.1592012364417315,3.6154681518673897
10789,Anthony Rouault,8,720,1,1.2718596458435059,0,0.07421903312206268,4,3,2,0,D,Rennes,1,1.2718596458435059,3.167744431644678,2.659749496728182
10868,Guela Doué,8,651,1,0.8846772066317499,3,1.2436338439583778,2,6,1,0,D M S,Strasbourg,1,0.8846772066317499,4.151720553636551,2.6281946003437042
10923,Himad Abdelli,9,620,1,0.9702520705759525,0,0.3622556570917368,6,5,0,0,M S,Angers,0,0.21015695109963417,2.8410384356975555,2.6115606650710106
11016,Ousmane Camara,12,965,1,0.15907253324985504,0,0.12202293425798416,2,2,1,0,D S,Angers,1,0.15907253324985504,3.503306746482849,3.400845527648926
11046,Abdallah Sima,5,120,1,0.18393418192863464,0,0.05591762065887451,3,2,2,0,M S,Lens,1,0.18393418192863464,0.24186129868030548,0.08822377026081085
11259,Julien Le Cardinal,4,281,1,0.4954712763428688,0,0.029206275939941406,5,1,1,0,D S,Brest,1,0.4954712763428688,0.38099345937371254,0.04942616447806358
11486,Illia Zabarnyi,11,921,1,0.3527454733848572,0,0.06262990087270737,1,3,2,0,D S,Paris Saint Germain,1,0.3527454733848572,3.0454104095697403,3.023148849606514
11762,Morgan Guilavogui,12,385,1,1.6112364158034325,0,0.8360921964049339,8,7,2,0,M S,Lens,1,1.6112364158034325,2.574478931725025,1.0660506449639797
11782,Mousa Al Tamari,11,569,1,1.220152098685503,2,1.6633429424837232,17,13,2,0,D F S,Rennes,1,1.220152098685503,4.156860269606113,1.556752810254693
11788,Arouna Sangante,11,973,1,0.16051666252315044,0,0.08943410776555538,4,3,3,0,D,Le Havre,1,0.16051666252315044,1.908486369997263,1.857697207480669
11795,Yassine Kechta,11,736,1,0.4118528198450804,1,0.9048821814358234,9,8,2,0,M S,Le Havre,1,0.4118528198450804,2.9920910708606243,1.7690917309373617
11806,Sadibou Sané,5,400,1,0.05063780024647713,0,0,1,0,1,2,D,Metz,1,0.05063780024647713,0.4742842763662338,0.4742842763662338
11978,Diego Moreira,11,856,1,0.8551760651171207,3,4.315257307142019,9,19,2,0,D M S,Strasbourg,1,0.8551760651171207,7.3440909422934055,5.1627302672713995
12000,Ibou Sané,10,246,1,0.18980607390403748,1,0.7273489087820053,3,2,1,0,M S,Metz,1,0.18980607390403748,0.9280764311552048,0.010921446606516838
12285,Mamadou Coulibaly,9,537,1,0.8183856420218945,1,0.7476910427212715,3,7,3,0,M S,Monaco,1,0.8183856420218945,2.869494128972292,1.7606208324432373
12345,Senny Mayulu,9,575,1,1.9011754989624023,1,1.131032070145011,12,10,1,0,D F M S,Paris Saint Germain,1,1.9011754989624023,4.0752251371741295,1.6403463557362556
12346,Beraldo,7,586,1,0.38416479155421257,0,0.02603928931057453,3,1,0,0,D,Paris Saint Germain,1,0.38416479155421257,2.563801921904087,2.563801921904087
12383,Mohamed Bamba,12,576,1,2.6970903538167477,1,1.5227505415678024,10,5,2,0,F S,Lorient,1,1.9369952343404293,3.201177552342415,0.47784650698304176
12498,Valentín Barco,12,997,1,0.9677325990051031,4,3.4746085926890373,11,17,2,0,M S,Strasbourg,1,0.9677325990051031,8.051852997392416,4.678865574300289
12800,Ngal&#039;ayel Mukau,9,366,1,1.3585885912179947,0,0.154218596406281,6,4,1,0,M S,Lille,1,1.3585885912179947,1.866795040667057,1.0936408918350935
12801,Osame Sahraoui,10,145,1,0.9099651761353016,2,0.7270546518266201,7,7,0,0,S,Lille,1,0.9099651761353016,2.8979567140340805,1.3962154649198055
12846,Louis Leroux,12,928,1,0.5818199459463358,1,0.2751627787947655,6,10,1,0,D M S,Nantes,1,0.5818199459463358,1.6898736245930195,1.3761672899127007
13206,Matt O&#039;Riley,9,607,1,0.24280529841780663,2,2.99233428388834,4,10,2,0,M S,Marseille,1,0.24280529841780663,4.831746727228165,3.534493073821068
13329,Abdelhamid Aït Boudlal,5,285,1,0.6768984226509929,1,0.531465470790863,2,1,1,1,D S,Rennes,1,0.6768984226509929,1.0329839270561934,1.0329839270561934
13734,Adam Karabec,11,671,1,1.29180009663105,0,0.7703421413898468,6,10,2,0,M S,Lyon,1,1.29180009663105,4.137981787323952,3.1481249779462814
13750,Kojo Peprah Oppong,12,1043,1,0.6813024338334799,0,0.5910270726308227,6,6,1,0,D S,Nice,1,0.6813024338334799,2.6606023898348212,2.4205546993762255
13751,Isak Jansson,8,337,1,0.8078694082796574,0,0.6695446223020554,8,2,1,0,F M S,Nice,1,0.8078694082796574,1.9334876723587513,1.0280542895197868
13757,Alexis Vossah,8,137,1,0.30766184255480766,1,0.3942420482635498,5,1,1,1,S,Toulouse,1,0.30766184255480766,0.4554109126329422,0.16705848276615143
13794,Arsène Kouassi,12,1022,1,0.10767436493188143,2,1.5537348669022322,3,14,2,0,D S,Lorient,1,0.10767436493188143,2.0835442915558815,1.3662268929183483
13800,Samir Chergui,11,914,1,1.6221805308014154,0,0.14677738398313522,11,2,1,0,D S,Paris FC,1,1.6221805308014154,4.329122580587864,4.045926749706268
13801,Alimami Gory,6,139,1,0.32622963190078735,0,0,2,0,0,0,S,Paris FC,1,0.32622963190078735,0.6602252423763275,0.33399561047554016
13802,Nouha Dicko,7,35,1,0.4750000946223736,1,0.29913920164108276,3,1,0,0,S,Paris FC,1,0.4750000946223736,0.8138609603047371,0.33900293335318565
13805,Adama Camara,10,743,1,1.0874219816178083,0,0.48302146047353745,8,6,2,0,M S,Paris FC,1,1.0874219816178083,4.401867754757404,3.6030791103839874
13813,Giorgi Abuashvili,8,279,1,0.4141065888106823,0,0.19466093555092812,8,4,1,0,D F M S,Metz,1,0.4141065888106823,0.7085399962961674,0.2430955283343792
13818,Kendry Páez,10,300,1,1.0202997922897339,0,0.23623248934745789,9,3,0,0,F M S,Strasbourg,1,1.0202997922897339,1.977648863568902,0.9094968866556883
13917,Mamadou Sangaré,11,877,1,1.1499683950096369,1,1.0597028359770775,13,8,2,0,M S,Lens,1,1.1499683950096369,4.788675180636346,3.5005300221964717
14010,Igor Paixão,9,587,1,0.7670261804014444,1,0.31613753736019135,20,5,1,0,M S,Marseille,1,0.7670261804014444,3.6569028925150633,2.696990240365267
14033,Mayckel Lahdo,4,235,1,0.6212583184242249,0,0.034232039004564285,2,1,1,0,F M S,Nantes,1,0.6212583184242249,1.2646667957305908,0.643408477306366
148,Dante,2,148,0,0.036935433745384216,0,0,2,0,0,0,D,Nice,0,0.036935433745384216,0.8009728193283081,0.7900319695472717
281,Lukas Hradecky,3,264,0,0,0,0,0,0,0,0,GK,Monaco,0,0,1.2494852840900421,1.2494852840900421
399,Ulisses García,4,203,0,0.04293993301689625,0,0.030822915956377983,2,1,1,1,D S,Marseille,0,0.04293993301689625,0.19036594405770302,0.1376217044889927
497,Francis Coquelin,4,152,0,0.05961090140044689,0,0,3,0,1,0,M S,Nantes,0,0.05961090140044689,0.23019273206591606,0.1888121608644724
782,Ben Chilwell,7,523,0,0,0,0,0,0,2,0,D M S,Strasbourg,0,0,2.5202645994722843,2.5202645994722843
849,Chancel Mbemba,5,404,0,0.11856834590435028,0,0.535747324116528,3,2,2,0,D S,Lille,0,0.11856834590435028,1.7035700976848602,1.7035700976848602
1245,Emerson,9,664,0,0.19483422115445137,1,1.1094035226851702,5,11,1,0,D S,Marseille,0,0.19483422115445137,5.217231772840023,4.974101595580578
1326,Assane Diousse,6,135,0,0.11868369951844215,0,0.08569516614079475,3,2,1,0,M S,Auxerre,0,0.11868369951844215,0.6746528893709183,0.6074423100799322
1461,Pol Lirola,3,19,0,0,0,0.07960734516382217,0,1,0,0,S,Marseille,0,0,0.07960734516382217,0
1516,Geoffrey Kondogbia,2,119,0,0.04149782657623291,0,0,1,0,0,0,D M,Marseille,0,0.04149782657623291,1.1069091260433197,1.1069091260433197
1754,Joel Asoro,3,5,0,0.08815059810876846,0,0,1,0,0,0,S,Metz,0,0.08815059810876846,0.08815059810876846,0
2063,Timothée Kolodziejczak,3,91,0,0,0,0.027156703174114227,0,1,0,0,D S,Paris FC,0,0,0.21295326948165894,0.1857965737581253
2225,Gerónimo Rulli,10,900,0,0,0,0,0,0,0,0,GK,Marseille,0,0,1.6155937239527702,1.6155937239527702
2276,Lucas Hernández,7,572,0,0.08956632763147354,0,0.18331192806363106,3,5,2,0,D,Paris Saint Germain,0,0.08956632763147354,3.1268246546387672,2.94438436627388
2383,André Gomes,1,1,0,0,0,0,0,0,0,0,S,Lille,0,0,0,0
2674,Thilo Kehrer,8,667,0,1.1233011484146118,0,0,9,0,1,1,D,Monaco,0,1.1233011484146118,3.441960785537958,3.441960785537958
3237,Aissa Mandi,10,795,0,0.14661423210054636,0,0.3572198823094368,3,6,3,0,D S,Lille,0,0.14661423210054636,3.7730884719640017,3.4926075506955385
3239,Hamari Traore,5,373,0,0.34293583780527115,0,0.11924540251493454,3,1,2,0,D,Paris FC,0,0.34293583780527115,0.8000528588891029,0.42362547665834427
3269,Anthony Lopes,11,989,0,0.06510544568300247,0,0,1,0,1,0,GK,Nantes,0,0.06510544568300247,0.8701748624444008,0.8701748624444008
3276,Rachid Ghezzal,6,128,0,0.10702870972454548,0,0.021294433623552322,3,1,0,0,F S,Lyon,0,0.10702870972454548,0.6986606381833553,0.6526466608047485
3286,Kevin Trapp,2,180,0,0,0,0,0,0,0,0,GK,Paris FC,0,0,0.24687693268060684,0.24687693268060684
3290,Benjamin Stambouli,8,542,0,0.22135039418935776,0,0.7895419746637344,4,6,0,0,M S,Metz,0,0.22135039418935776,0.6899987831711769,0.43221865594387054
3291,Adrien Rabiot,1,90,0,0.02854899689555168,0,0.19872036576271057,1,4,1,0,M,Marseille,0,0.02854899689555168,0.25971585512161255,0.1337805688381195
3297,Marquinhos,5,303,0,0,0,0.03297148831188679,0,2,0,0,D S,Paris Saint Germain,0,0,0.8320864662528038,0.799114964902401
3348,Florian Sotoca,7,26,0,0,0,0,0,0,0,0,S,Lens,0,0,0,0
3495,Pierrick Capelle,2,46,0,0,0,0.10875898227095604,0,2,0,0,S,Angers,0,0,0.10875898227095604,0
3536,Jean-Victor Makengo,9,368,0,0.5317421369254589,1,0.24107778165489435,9,5,0,0,M S,Lorient,0,0.5317421369254589,1.4764963909983635,0.733735978603363
3673,Valentin Rongier,11,950,0,0.307445902377367,2,1.9041416058316827,8,16,2,0,M,Rennes,0,0.307445902377367,6.96745029091835,5.605709869414568
3696,Morgan Sanson,10,169,0,0.461202260106802,1,0.49418696481734514,2,3,0,0,M S,Nice,0,0.461202260106802,1.1229973593726754,0.16760816425085068
3743,Lucas Tousart,5,235,0,0.05512388236820698,0,0.02643234096467495,3,1,0,0,M S,Brest,0,0.05512388236820698,0.7492808997631073,0.6677246764302254
3772,Maxime Lopez,12,1080,0,0.2638748660683632,3,3.8936740197241306,6,31,3,0,M,Paris FC,0,0.2638748660683632,9.230991795659065,6.73163016140461
3785,Kelvin Adou,12,1080,0,0.10445438884198666,1,0.8777482826262712,5,4,2,0,D,Nantes,0,0.10445438884198666,2.253719460219145,1.570752453058958
3786,Mathieu Cafaro,5,33,0,0.260409589856863,0,0.11706805974245071,4,1,0,0,S,Paris FC,0,0.260409589856863,0.350239098072052,0.13969476707279682
4748,Brice Samba,12,1080,0,0,0,0.021851958706974983,0,1,2,0,GK,Rennes,0,0,2.479640681296587,2.479640681296587
4882,Laurent Abergel,12,1044,0,0.5433677481487393,0,0.35222145915031433,11,8,4,0,M,Lorient,0,0.5433677481487393,3.6288429386913776,3.252713941037655
4941,Hans Hateboer,3,36,0,0,0,0,0,0,0,1,D S,"Lyon,Rennes",0,0,0,0
5177,Caio Henrique,10,669,0,0.08498144894838333,0,0.7822802886366844,1,9,1,0,D S,Monaco,0,0.08498144894838333,2.8836029320955276,2.8716796934604645
5648,Malang Sarr,11,990,0,0.35602229461073875,0,0,6,0,2,0,D,Lens,0,0.35602229461073875,3.7601032853126526,3.745615977793932
5661,Jonathan Ikone,5,104,0,0,0,0.10640431195497513,0,1,0,0,F S,Paris FC,0,0,0.15942246839404106,0.15942246839404106
5680,Thomas Meunier,8,704,0,0.3432910814881325,0,1.4826125260442495,8,8,1,0,D,Lille,0,0.3432910814881325,3.483039202168584,2.206870110705495
5690,Karl-Johan Johnsson,1,90,0,0,0,0,0,0,0,0,GK,Strasbourg,0,0,0.3783048093318939,0.3783048093318939
5732,Abdoulaye Bamba,1,7,0,0,0,0,0,0,0,0,S,Angers,0,0,0,0
5742,Hugo Magnetti,11,882,0,0.2835802845656872,0,0.46873963996768,9,5,2,0,M S,Brest,0,0.2835802845656872,3.7014356702566147,3.400194186717272
5745,Matthieu Udol,12,1073,0,1.2059957198798656,1,3.1825830042362213,15,11,1,0,D,Lens,0,1.2059957198798656,5.007006287574768,1.8673807308077812
5756,Carlens Arcus,12,1063,0,0.09221160598099232,0,0.21610156446695328,5,3,3,0,D,Angers,0,0.09221160598099232,4.222267737612128,4.012643797323108
5762,Pierre-Yves Hamel,2,78,0,0,0,0,0,0,0,0,F S,Paris FC,0,0,0.10151945799589157,0.10151945799589157
5768,Remy Descamps,4,360,0,0,0,0,0,0,0,0,GK,Lyon,0,0,0.7219540178775787,0.7219540178775787
5803,Fode Toure,3,235,0,0.09829456359148026,0,0.07520982623100281,2,1,0,0,D,Metz,0,0.09829456359148026,0.287889763712883,0.11438537947833538
5974,Bingourou Kamara,3,270,0,0,0,0,0,0,0,0,GK,Lorient,0,0,0,0
5975,Kenny Lala,12,1069,0,0.16109834797680378,1,1.6498413905501366,4,11,2,0,D,Brest,0,0.16109834797680378,5.302631728351116,4.287794588133693
5989,Moussa Niakhate,12,999,0,0.060979414731264114,2,0.503794714808464,1,7,2,0,D S,Lyon,0,0.060979414731264114,6.2990918811410666,5.90659914072603
6006,Ruben Aguilar,12,929,0,0.23423153348267078,0,1.0306915938854218,6,12,2,0,D S,Lens,0,0.23423153348267078,3.4151944518089294,2.501587187871337
6007,Nicolas Cozza,9,564,0,0.0449660699814558,0,0.21341180428862572,2,3,0,0,D S,Nantes,0,0.0449660699814558,0.8375536929816008,0.6568625960499048
6015,Kouakou Herve Koffi,12,1080,0,0,0,0,0,0,0,0,GK,Angers,0,0,2.5374268610030413,2.5374268610030413
6017,Chidozie Awaziem,12,1073,0,0.2719940356910229,0,0.20005850493907928,5,4,4,0,D,Nantes,0,0.2719940356910229,2.2596300523728132,1.9760355222970247
6110,Yvon Mvogo,9,810,0,0,0,0,0,0,0,0,GK,Lorient,0,0,1.2739285761490464,1.2739285761490464
6147,Denis Zakaria,5,365,0,0,1,1.3425757884979248,0,4,2,0,M S,Monaco,0,0,0.8881945535540581,0.4160941392183304
6308,Jessy Deminguet,11,678,0,0.12424304522573948,0,0.02846583165228367,4,1,3,0,M S,Metz,0,0.12424304522573948,1.8937803469598293,1.7542103603482246
6333,Elisha Owusu,12,931,0,0.04675022512674332,0,0.6153955571353436,2,5,4,0,M S,Auxerre,0,0.04675022512674332,3.3016264718025923,2.9114198107272387
6452,Mahdi Camara,10,718,0,0.13122335635125637,0,1.0183418449014425,4,8,3,1,D M S,Rennes,0,0.13122335635125637,3.7465649116784334,2.985291175544262
6601,Timothy Weah,9,541,0,0.6591071365401149,1,0.32570667937397957,6,8,1,0,D M S,Marseille,0,0.6591071365401149,5.301710195839405,4.908589128404856
6709,Yehvann Diouf,12,1080,0,0,0,0,0,0,0,0,GK,Nice,0,0,0.813220351934433,0.813220351934433
6895,Jordan Lefort,12,1080,0,0.2806688975542784,1,0.45398568361997604,5,4,2,0,D,Angers,0,0.2806688975542784,4.083351034671068,3.668965931981802
6986,Hamed Junior Traore,1,90,0,0.5218931436538696,0,0,2,0,0,0,M,Marseille,0,0.5218931436538696,0.8029589653015137,0.28106582164764404
7206,Jonathan Gradit,9,810,0,0.10594142973423004,0,0.08853856474161148,2,2,2,0,D,Lens,0,0.10594142973423004,2.78721896186471,2.7394808270037174
7313,Lee Kang-In,10,599,0,0.8735012728720903,1,2.5264321230351925,18,18,2,0,F M S,Paris Saint Germain,0,0.8735012728720903,4.341631369665265,2.4334162641316652
7486,Leonardo Balerdi,8,599,0,1.0721222646534443,0,0.10408851876854897,8,2,3,0,D S,Marseille,0,1.0721222646534443,3.8359617637470365,3.775493507273495
7649,Younes Namli,9,211,0,0.12080598529428244,1,0.44261645898222923,3,2,1,0,F M S,Le Havre,0,0.12080598529428244,0.5634224442765117,0.3843047022819519
7732,Haris Belkebla,12,1071,0,0.09659035131335258,0,0.18828146159648895,3,4,2,0,M,Angers,0,0.09659035131335258,3.4526400417089462,3.301223859190941
7735,Donovan Léon,10,855,0,0,0,0.06488649547100067,0,1,0,1,GK,Auxerre,0,0,0.8758619129657745,0.8109754137694836
7736,Brendan Chardonnet,10,887,0,0.5532478876411915,0,0.22282593697309494,5,3,2,0,D,Brest,0,0.5532478876411915,2.519478401169181,2.4766418542712927
7763,Fabien Centonze,3,11,0,0.019179102033376694,0,0,1,0,1,0,S,Nantes,0,0.019179102033376694,0.032312311232089996,0.013133208267390728
7765,Thomas Delaine,5,200,0,0.0810187254101038,0,0.23494967073202133,3,3,0,0,D M S,Le Havre,0,0.0810187254101038,0.5613143611699343,0.530651330947876
8028,Uros Radakovic,3,6,0,0,0,0,0,0,0,0,S,Nantes,0,0,0,0
8287,Mbwana Samatta,8,534,0,1.934427261352539,0,0.44264502078294754,14,6,2,0,F S,Le Havre,0,1.934427261352539,2.4849573597311974,0.27360786497592926
8638,Lucas Chevalier,12,1080,0,0,0,0,0,0,0,0,GK,Paris Saint Germain,0,0,1.7718355506658554,1.7718355506658554
8641,Radoslaw Majecki,10,868,0,0,0,0,0,0,0,1,GK,Brest,0,0,0.7219709865748882,0.7219709865748882
8647,Thibault De Smet,9,665,0,0.18551267869770527,1,0.34056561812758446,4,3,2,1,D S,Paris FC,0,0.18551267869770527,3.3326289877295494,3.2286344692111015
8664,Facundo Medina,2,154,0,0,0,0,0,0,0,0,D,Marseille,0,0,1.46879181265831,1.46879181265831
8677,Lilian Brassier,7,575,0,0.02161984331905842,0,0,1,0,0,0,D S,Rennes,0,0.02161984331905842,3.119184296578169,3.119184296578169
8686,Cheick Tidiane Sabaly,10,793,0,1.322610966861248,2,1.3477321360260248,7,9,1,0,F M S,Metz,0,1.322610966861248,2.7023428305983543,0.24963043257594109
8703,Sinaly Diomande,2,162,0,0,0,0,0,0,0,1,D,Auxerre,0,0,0.37658271193504333,0.37658271193504333
8768,Kevin Omoruyi,7,488,0,2.303861916065216,0,0.09263531863689423,13,1,1,0,F S,Nice,0,2.303861916065216,2.5314924139529467,1.1786489132791758
8970,Sékou Mara,8,387,0,0.6539793647825718,0,0.06737864390015602,9,3,0,0,F S,Auxerre,0,0.6539793647825718,1.457303611561656,0.8891557026654482
9001,Martín Satriano,6,350,0,0.7502435706555843,1,0.9052122570574284,7,5,0,0,F S,Lyon,0,0.7502435706555843,1.453638093546033,0.6432048575952649
9092,Marvin Senaya,12,1057,0,0.8460955582559109,0,0.1288781762123108,10,4,3,0,D,Auxerre,0,0.8460955582559109,1.9888005256652832,1.8300708569586277
9250,Reda Khadra,4,157,0,0.22969960421323776,0,0.15787534043192863,5,3,0,0,F S,Le Havre,0,0.22969960421323776,0.14481601305305958,0
9279,Krépin Diatta,7,548,0,0.28378687240183353,1,1.2884495556354523,5,10,0,0,D M S,Monaco,0,0.28378687240183353,2.6536806225776672,1.8586021214723587
9345,Ahmadou Bamba Dieng,2,25,0,0.2147594913840294,1,0.5636599659919739,4,1,0,0,S,Lorient,0,0.2147594913840294,0.6933057904243469,0
9399,Quentin Merlin,11,899,0,0.943592980504036,2,1.9068492464721203,10,14,0,0,D S,Rennes,0,0.943592980504036,4.107278000563383,2.9509694781154394
9514,Antoine Mendy,10,879,0,0.6006819112226367,0,0,5,0,3,0,D,Nice,0,0.6006819112226367,2.4537447337061167,2.356186345219612
9523,Andy Diouf,1,90,0,0.1755841225385666,0,0,3,0,0,0,M,Lens,0,0.1755841225385666,0.2758803963661194,0.1002962738275528
9563,Mamadou Mbow,11,990,0,0.4383230023086071,0,0.07569875940680504,6,2,2,0,D,Paris FC,0,0.4383230023086071,4.003339260816574,3.9801190197467804
9616,Grégoire Coudert,3,208,0,0,0,0,0,0,0,0,GK S,Brest,0,0,0.055563751608133316,0.055563751608133316
9631,Christopher Wooh,2,64,0,0,0,0,0,0,0,1,D S,Rennes,0,0,0.3322351574897766,0.3322351574897766
9632,Deiver Machado,4,287,0,0.57515749335289,0,0,6,0,1,0,D,Lens,0,0.57515749335289,1.1921880468726158,0.6413552090525627
9633,Przemyslaw Frankowski,8,529,0,0.1165178157389164,1,1.226620432920754,4,9,4,0,D S,Rennes,0,0.1165178157389164,3.0369851952418685,2.8849152605980635
9642,Salis Abdul Samed,8,361,0,0,0,0,0,0,1,0,M S,Nice,0,0,0.8326126839965582,0.8326126839965582
9645,Jim Allevinah,3,67,0,0.17100173234939575,0,0,2,0,0,0,S,Angers,0,0.17100173234939575,0.24724219739437103,0.07624046504497528
9652,Alidu Seidu,8,433,0,0.008648094721138477,1,1.0741050988435745,1,4,1,0,D S,Rennes,0,0.008648094721138477,2.335510184057057,2.3268620893359184
9655,Pablo Rosario,1,19,0,0.08123146742582321,0,0.10066413134336472,2,1,0,0,S,Nice,0,0.08123146742582321,0.22681482136249542,0.1455833613872528
9658,Billal Brahimi,1,1,0,0,0,0.09878788143396378,0,1,0,0,S,Nice,0,0,0.09878788143396378,0.09878788143396378
9659,Bradley Locko,12,934,0,0.07104385830461979,1,0.9680913332849741,2,7,0,0,D S,Brest,0,0.07104385830461979,3.4740096936002374,3.1452525416389108
9673,Bilal Nadir,8,219,0,0.19314097613096237,3,1.1058764234185219,3,5,1,0,M S,Marseille,0,0.19314097613096237,3.5969793554395437,2.3202326502650976
9699,Bamo Meïté,6,500,0,0.11212587635964155,0,0,2,0,2,0,D,Lorient,0,0.11212587635964155,1.3613871969282627,1.3474616445600986
9756,Dominik Greif,8,720,0,0,1,0.07231374084949493,0,1,0,0,GK,Lyon,0,0,0.9352626614272594,0.8629489205777645
9807,Gideon Mensah,11,882,0,0.01311845239251852,0,0.275142228230834,1,6,2,0,D S,Auxerre,0,0.01311845239251852,1.6672028470784426,1.5468915794044733
9826,Axel Camblan,1,6,0,0,0,0.027476085349917412,0,1,0,0,S,Brest,0,0,0.10706011950969696,0.10706011950969696
9833,Andrew Omobamidele,8,179,0,0.3055199086666107,0,0,1,0,0,0,D S,Strasbourg,0,0.3055199086666107,0.5414322856813669,0.5414322856813669
9873,Montassar Talbi,12,1080,0,0.2286279248073697,0,0.05668824166059494,5,2,1,0,D,Lorient,0,0.2286279248073697,2.7448100186884403,2.6672247275710106
10057,Felix Lemarechal,9,485,0,0.8813794553279877,2,1.2359443046152592,9,7,1,0,F M S,Strasbourg,0,0.8813794553279877,3.205308549106121,1.3585774824023247
10172,Jonathan Rowe,1,69,0,0.4206070303916931,0,0,5,0,0,0,M,Marseille,0,0.4206070303916931,0.5255916714668274,0.132924884557724
10174,CJ Egan-Riley,6,395,0,0,0,0.5053555741906166,0,2,0,1,D S,Marseille,0,0,1.777779665775597,1.272424099035561
10243,Jacques Ekomie,12,730,0,0.31549858301877975,0,1.2190944571048021,4,10,1,0,D S,Angers,0,0.31549858301877975,2.2098385877907276,1.1761291362345219
10270,Lohann Doucet,3,83,0,0.026305237784981728,0,0.09275395981967449,1,4,1,0,M S,Paris FC,0,0.026305237784981728,0.15806624852120876,0.06531228870153427
10271,Vanderson,4,180,0,0.08684950321912766,1,0.4538860321044922,1,3,1,0,D S,Monaco,0,0.08684950321912766,0.5490610972046852,0.46221161633729935
10295,Louis Mouton,11,700,0,1.2194294966757298,0,1.327152295038104,11,8,0,1,M S,Angers,0,1.2194294966757298,3.542944598942995,1.2651951853185892
10390,Ismaël Doukouré,8,663,0,0.34034958481788635,1,0.5914561729878187,1,2,2,1,D M,Strasbourg,0,0.34034958481788635,2.7723750919103622,2.7531844824552536
10397,Ugo Raghouber,1,1,0,0,0,0,0,0,0,0,S,Lille,0,0,0.5803102254867554,0.5803102254867554
10467,Soumaila Coulibaly,5,450,0,0.07602481357753277,0,0,2,0,0,0,D,Brest,0,0.07602481357753277,1.9294299520552158,1.9294299520552158
10517,Yassin Belkhdim,12,955,0,0.23125674668699503,2,1.1486446186900139,6,8,2,0,M S,Angers,0,0.23125674668699503,3.607378536835313,2.962877070531249
10701,Nicolás Tagliafico,10,619,0,1.3752618208527565,1,0.4883396029472351,7,3,1,1,D S,Lyon,0,1.3752618208527565,3.3261468559503555,1.5227647898718715
10702,Johann Lepenant,6,537,0,0.20038585178554058,1,0.9831191636621952,6,8,0,0,M,Nantes,0,0.20038585178554058,1.2278645746409893,0.5608304254710674
10769,Robin Risser,12,1080,0,0,0,0.024585401639342308,0,1,1,0,GK,Lens,0,0,2.332175949588418,2.3075905479490757
10771,Ben Seghir,2,40,0,0.06498191505670547,0,0,1,0,0,0,S,Monaco,0,0.06498191505670547,0.06498191505670547,0
10780,Mory Diaw,12,1080,0,0,1,0.2680368945002556,0,3,0,0,GK,Le Havre,0,0,2.2228598706424236,1.9876904897391796
10788,Rasmus Nicolaisen,12,870,0,0.21687078103423119,0,0.03875824064016342,5,1,2,0,D S,Toulouse,0,0.21687078103423119,1.0495871342718601,0.8977781683206558
10810,Alexsandro Ribeiro,4,316,0,0.06322630122303963,0,0,3,0,0,0,D,Lille,0,0.06322630122303963,2.368547663092613,2.368547663092613
10818,Kévin Danois,11,887,0,1.0106958243995905,0,0.9808625187724829,8,16,1,0,M S,Auxerre,0,1.0106958243995905,3.7934442199766636,2.440458407625556
10844,Darline Yongwa,10,414,0,0.482328325510025,0,0.8397987559437752,5,4,0,1,D S,Lorient,0,0.482328325510025,1.6643390208482742,0.4676028974354267
11058,Julio Enciso,5,326,0,1.5138674676418304,0,0.08754384517669678,14,1,1,0,M S,Strasbourg,0,1.5138674676418304,2.4194805324077606,0.9180303514003754
11061,Michel Diaz,7,553,0,0.1544737033545971,0,0.03030695766210556,3,1,0,0,D S,Brest,0,0.1544737033545971,0.6445426382124424,0.6445426382124424
11062,Badredine Bouanani,2,88,0,0.05969347804784775,0,0.038077469915151596,1,1,0,0,M S,Nice,0,0.05969347804784775,0.7065351828932762,0.6087642312049866
11131,Christian Mawissa Elebi,6,526,0,0,0,0,0,0,1,0,D,Monaco,0,0,2.225342772901058,2.225342772901058
11142,Pierre Ganiou,1,76,0,0,0,0,0,0,0,1,D,Lens,0,0,0,0
11157,Sael Kumbedi,1,69,0,0.03166545554995537,0,0,1,0,1,0,D,Lyon,0,0.03166545554995537,0.5758469104766846,0.5758469104766846
11250,Théo De Percin,3,221,0,0,0,0,0,0,0,0,GK S,Auxerre,0,0,0.10409782826900482,0.10409782826900482
11253,Mamadou Sarr,9,810,0,0,0,0.04029260575771332,0,1,3,0,D,Strasbourg,0,0,3.4857497923076153,3.445457201451063
11291,Warren Kamanzi,10,264,0,0.3113194163888693,0,0.38277783803641796,6,5,0,0,D S,Toulouse,0,0.3113194163888693,1.1268597692251205,0.4737075213342905
11294,Lilian Raolisoa,11,667,0,0.24025319516658783,1,1.3365433663129807,5,9,1,0,D F M S,Angers,0,0.24025319516658783,3.3413124680519104,1.8994604274630547
11318,Abner,6,472,0,0.7956679463386536,0,0.3998046759516001,5,3,2,1,D,Lyon,0,0.7956679463386536,3.6638309955596924,2.762218914926052
11371,Ibrahim Salah,2,22,0,0.0487111434340477,0,0,1,0,0,0,S,Rennes,0,0.0487111434340477,0.385202556848526,0.385202556848526
11494,Justin-Noel Kalumba,4,224,0,0.016442036256194115,0,0.26698354072868824,1,4,0,0,F M S,Angers,0,0.016442036256194115,0.3195158392190933,0.10835594683885574
11515,Tom Louchet,10,457,0,0.1489621438086033,2,2.328600015491247,5,10,1,0,D M S,Nice,0,0.1489621438086033,3.195192792452872,1.7922712052240968
11545,Jérémy Jacquet,12,1080,0,0.4669458158314228,0,0.15537889301776886,6,3,3,0,D,Rennes,0,0.4669458158314228,5.5095989517867565,5.3669244684278965
11618,Samuel Amo-Ameyaw,7,290,0,0.40768556110560894,1,0.49587209708988667,4,5,1,0,D M S,Strasbourg,0,0.40768556110560894,2.1333980411291122,1.2803970240056515
11756,Tiago Santos,2,103,0,0.012373318895697594,0,0.08650314807891846,1,1,0,0,D S,Lille,0,0.012373318895697594,0.35376131534576416,0.2672581672668457
11758,Ousmane Touré,1,57,0,0,0,0,0,0,0,0,D,Lille,0,0,0.17890667915344238,0.17890667915344238
11770,Formose Mendy,2,142,0,0,0,0,0,0,1,0,D,Lorient,0,0,0.594171829521656,0.594171829521656
11776,Guillaume Restes,12,1080,0,0,0,0.061214763671159744,0,1,2,0,GK,Toulouse,0,0,0.5394009724259377,0.5394009724259377
11777,Cristian Cásseres Jr.,11,902,0,0.9875024221837521,0,0.8911536522209644,6,15,2,0,M S,Toulouse,0,0.22740725800395012,2.753010269254446,2.0690702218562365
11781,Philipp Köhn,10,816,0,0,0,0,0,0,0,0,GK S,Monaco,0,0,0.8154638353735209,0.8154638353735209
11787,Loïc Négo,11,904,0,0.19711544923484325,0,0.9359400002285838,8,5,1,0,D S,Le Havre,0,0.19711544923484325,2.1317946910858154,1.7958864271640778
11789,Josué Casimir,11,847,0,1.686024010181427,0,0.15291301161050797,11,4,1,1,D M S,Auxerre,0,0.9259288460016251,1.7740166187286377,0.7268202640116215
11796,Étienne Youté,6,320,0,0,0,0.03650601580739021,0,1,2,0,D M S,Le Havre,0,0,0.06581700965762138,0.02931099385023117
11797,Maxime Colin,6,434,0,0.11581892985850573,0,0.027098679915070534,2,1,0,0,D S,Metz,0,0.11581892985850573,0.8583797160536051,0.8312810361385345
11798,Koffi Kouao,12,1051,0,0.3932634685188532,0,0.39262042194604874,9,6,3,0,D,Metz,0,0.3932634685188532,1.4679372180253267,0.8549155239015818
11799,Lamine Camara,5,339,0,0.17266938835382462,3,2.0300441533327103,4,9,1,0,M S,Monaco,0,0.17266938835382462,2.0708685368299484,0.8482017070055008
11819,Clinton Mata,12,1070,0,0.08816863596439362,0,0.07112278044223785,2,1,3,0,D,Lyon,0,0.08816863596439362,4.914927264675498,4.843804499134421
11910,William Pacho,8,560,0,0.06671481393277645,0,0.08642413467168808,2,2,0,0,D S,Paris Saint Germain,0,0.06671481393277645,2.1764563377946615,2.090032195672393
11952,Fodé Sylla,2,63,0,0,0,0,0,0,0,0,M S,Lens,0,0,0.18435265123844147,0.18435265123844147
11962,Oussama El Azzouzi,4,197,0,0.010588954202830791,0,0.05476932227611542,1,1,1,0,D M S,Auxerre,0,0.010588954202830791,0.07006481289863586,0.0594758577644825
12001,Joseph N&#039;Duquidi,1,4,0,0,0,0,0,0,0,0,S,Metz,0,0,0,0
12004,Joel Mvuka,10,427,0,0.2761364597827196,0,0.0774846151471138,5,1,0,0,D S,Lorient,0,0.2761364597827196,0.3536210749298334,0.13431242480874062
12038,Fabian Rieder,3,144,0,0.014277187176048756,0,0.2747606635093689,1,2,0,0,M S,Rennes,0,0.014277187176048756,0.4903169274330139,0.20127907395362854
12039,Bertug Yildirim,1,1,0,0,0,0.12054172158241272,0,1,0,0,S,Rennes,0,0,0.12054172158241272,0.12054172158241272
12151,Gabriel Osho,2,139,0,0,0,0,0,0,0,0,D,Auxerre,0,0,0.650982778519392,0.650982778519392
12159,Mahamadou Nagida,5,81,0,0.375887718051672,0,0.012677214108407497,3,1,1,0,S,Rennes,0,0.375887718051672,0.8733341880142689,0.49933788925409317
12162,Ayyoub Bouaddi,12,915,0,0.7375145340338349,1,0.8578261453658342,9,10,4,0,M S,Lille,0,0.7375145340338349,4.822422431781888,3.8441561181098223
12186,Kassoum Ouattara,9,619,0,0.8398541882634163,3,2.349124737083912,8,11,2,0,D M S,Monaco,0,0.8398541882634163,5.674667775630951,3.0220842584967613
12255,Paris Brunner,3,82,0,0.047651391476392746,0,0,1,0,1,0,F S,Monaco,0,0.047651391476392746,0.047651391476392746,0
12258,Luc Zogbe,3,3,0,0,0,0,0,0,0,0,S,Brest,0,0,0,0
12284,Samir El Mourabet,12,600,0,0.23254515882581472,0,0.7037296406924725,5,7,0,0,M S,Strasbourg,0,0.23254515882581472,2.182987678796053,1.4329529367387295
12317,Nhoa Sangui,8,327,0,0.10640431195497513,0,0.6987127214670181,1,5,0,0,D S,Paris FC,0,0.10640431195497513,1.7661334946751595,1.4983163475990295
12328,Arthur Avom,12,909,0,0.5662422552704811,1,1.6209286712110043,11,17,3,0,M S,Lorient,0,0.5662422552704811,2.9155816147103906,1.5224516401067376
12330,Noah Edjouma,7,183,0,0.0753682442009449,0,0.27018313109874725,2,5,0,0,F S,Toulouse,0,0.0753682442009449,0.3773241378366947,0.06369567662477493
12344,Anthony Bermont,4,30,0,0.05864664912223816,0,0,1,0,0,0,S,Lens,0,0.05864664912223816,0.47093382477760315,0.412287175655365
12376,Lucas Michal,1,38,0,0.044548265635967255,0,0,1,0,0,0,S,Monaco,0,0.044548265635967255,0.044548265635967255,0
12381,Panos Katseris,3,124,0,0.37388481199741364,0,0.6384020075201988,4,3,1,0,D S,Lorient,0,0.37388481199741364,1.269253134727478,0.7740084528923035
12387,Dehmaine Assoumani,12,541,0,0.29971200320869684,0,1.0786704029887915,10,9,1,0,M S,Nantes,0,0.29971200320869684,1.8598952339962125,0.8809848017990589
12392,Arthur Vermeeren,6,258,0,0.019412295892834663,1,0.11964833177626133,1,3,0,0,M S,Marseille,0,0.019412295892834663,1.4513189494609833,1.3534365892410278
12400,Rabby Nzingoula,3,41,0,0.04825032129883766,0,0.07395993173122406,1,1,0,1,S,Strasbourg,0,0.04825032129883766,0.12221025303006172,0
12426,Stanis Idumbo Muzambo,5,102,0,0.5872525498270988,1,0.4020053409039974,5,3,0,0,S,Monaco,0,0.5872525498270988,0.997812382876873,0.03686131536960602
12446,Simon Ebonog,10,348,0,0.12358136288821697,0,0.013790098950266838,5,1,2,0,M S,Le Havre,0,0.12358136288821697,0.15090562030673027,0.06077601853758097
12451,Djaoui Cissé,10,466,0,0.5193351544439793,0,0.3397042043507099,15,5,2,0,M S,Rennes,0,0.5193351544439793,2.3975097946822643,1.8137500807642937
12530,Mikayil Faye,1,5,0,0,0,0,0,0,0,0,S,Rennes,0,0,0.12054172158241272,0.12054172158241272
12589,Vincent Burlet,1,13,0,0,0,0.3438287079334259,0,1,0,0,S,Lille,0,0,0.3438287079334259,0.3438287079334259
12598,Rafik Messali,2,25,0,0,0,0,0,0,1,0,S,Toulouse,0,0,0,0
12601,Darryl Bakola,5,9,0,0.04014962911605835,0,0,2,0,0,0,S,Marseille,0,0.04014962911605835,1.3714770674705505,1.3313274383544922
12731,Daren Mosengo,1,8,0,0,0,0,0,0,0,0,S,Le Havre,0,0,0,0
12732,Yanis Zouaoui,11,880,0,0.18720280565321445,1,0.946918623521924,7,11,4,0,D S,Le Havre,0,0.18720280565321445,1.9905291870236397,1.4305822383612394
12733,Ibrahim Mbaye,10,442,0,0.4214870408177376,0,0.6630855426192284,5,9,0,0,F S,Paris Saint Germain,0,0.4214870408177376,2.0175238102674484,0.991382822394371
12769,Derek Cornelius,2,58,0,0,0,0,0,0,0,0,S,Marseille,0,0,0,0
12772,Jeffrey de Lange,2,180,0,0,0,0,0,0,0,0,GK,Marseille,0,0,1.2970782481133938,1.2970782481133938
12808,Mathis Amougou,6,199,0,0.1270902082324028,0,0.10722222179174423,2,2,0,0,M S,Strasbourg,0,0.1270902082324028,0.5424297451972961,0.3438800051808357
12824,Clément Akpa,11,901,0,0.15127236768603325,0,0.255819633603096,4,6,1,0,D S,Auxerre,0,0.15127236768603325,1.4115549493581057,1.365617472678423
12825,Theo Bair,2,4,0,0,0,0,0,0,0,0,S,Auxerre,0,0,0,0
12826,Lasso Coulibaly,9,173,0,0.02461313270032406,0,0.025686461478471756,1,1,0,0,M S,Auxerre,0,0.02461313270032406,0.055709682404994965,0.055709682404994965
12841,Dayann Methalie,12,885,0,0.7883791569620371,0,0.8696402087807655,7,6,3,0,D S,Toulouse,0,0.7883791569620371,2.2648276053369045,0.8710204251110554
12842,Mark McKenzie,11,915,0,0.023722168058156967,0,0.2562449499964714,1,3,2,0,D S,Toulouse,0,0.023722168058156967,1.4918162450194359,1.211849108338356
12848,Florent Hanin,8,384,0,0.05992070585489273,0,0.04889926314353943,2,1,0,0,D S,Angers,0,0.05992070585489273,1.2724786046892405,1.2235793489962816
12851,Emmanuel Biumla,3,124,0,0,0,0,0,0,0,0,D S,Angers,0,0,0,0
12879,Glen Kamara,1,17,0,0,0,0,0,0,0,0,S,Rennes,0,0,0.07325252145528793,0.07325252145528793
12950,Jordan Teze,11,874,0,0.16062233224511147,0,1.3611510563641787,5,14,3,0,D M S,Monaco,0,0.16062233224511147,4.051237136125565,3.505887418985367
12969,Moïse Bombito,2,154,0,0,0,0,0,0,1,0,D,Nice,0,0,0,0
13010,Enzo Molébé,1,7,0,0,0,0,0,0,0,0,S,Lyon,0,0,0,0
13016,Hong Hyun-Seok,6,281,0,0.5409451853483915,0,0.03777095302939415,4,1,0,0,M S,Nantes,0,0.5409451853483915,0.8386293146759272,0.36607144214212894
13024,Serigne Diop,2,2,0,0.09503921121358871,0,0,1,0,0,0,S,Brest,0,0.09503921121358871,0,0
13049,Damián Pizarro,2,15,0,0,0,0,0,0,0,0,S,Le Havre,0,0,0.012384395115077496,0.012384395115077496
13053,Saud Abdulhamid,9,172,0,0.07929202914237976,1,0.28987380862236023,1,2,0,0,D S,Lens,0,0.07929202914237976,0.9439683277159929,0.5748025197535753
13070,Ali Abdi,5,293,0,0,0,0.5436551868915558,0,4,0,1,D M,Nice,0,0,0.6042490433901548,0.5175767596811056
13089,Patrik Carlgren,2,91,0,0,0,0,0,0,0,0,GK S,Nantes,0,0,0,0
13091,Jaydee Canvot,2,180,0,0.10035194456577301,0,0,2,0,1,0,D M,Toulouse,0,0.10035194456577301,0.1547568142414093,0.05440486967563629
13100,Juma Bah,10,754,0,0.212959885597229,0,0.5090615414083004,3,2,4,0,D S,Nice,0,0.212959885597229,2.4710432551801205,2.389642219990492
13158,Marius Courcoul,9,111,0,0,0,0.05473989713937044,0,2,0,0,M S,Angers,0,0,0.5400679418817163,0.4853280447423458
13159,Marius Louãr,1,9,0,0,0,0.06603200733661652,0,1,0,0,S,Angers,0,0,0.06603200733661652,0
13211,Mathis Saka,1,2,0,0,0,0,0,0,0,0,S,Toulouse,0,0,0,0
13214,Aladji Bamba,5,124,0,0,0,0,0,0,2,0,M S,Monaco,0,0,0.8854691758751869,0.8854691758751869
13281,Bernard Nguene,3,54,0,0,0,0,0,0,1,0,S,Nice,0,0,0,0
13283,Raphaël Le Guen,1,1,0,0,0,0,0,0,0,0,S,Brest,0,0,0,0
13388,Justin Bourgault,1,12,0,0.033752381801605225,0,0,1,0,0,0,S,Brest,0,0.033752381801605225,0.033752381801605225,0
13407,Fredrik Oppegård,9,379,0,0.12533798813819885,0,0.2542781624943018,3,7,1,1,D S,Auxerre,0,0.12533798813819885,1.064631363376975,0.8038455927744508
13471,Soriba Diaoune,1,1,0,0.10189463943243027,1,0.0933980941772461,1,1,0,0,S,Lille,0,0.10189463943243027,0.19529272615909576,0.19529272615909576
13548,Stephan Zagadou,1,67,0,0,0,0,0,0,0,0,D,Le Havre,0,0,0.06414579600095749,0.06414579600095749
13552,Hamidou Makalou,8,129,0,0.04118484631180763,0,0.1515110582113266,2,3,0,0,M S,Brest,0,0.04118484631180763,0.668536638841033,0.6357086719945073
13577,Rudy Matondo,9,151,0,0.10798497498035431,0,0,2,0,2,0,M S,Auxerre,0,0.10798497498035431,0.3274311888962984,0.2742155510932207
13596,Telli Siwe,3,230,0,0.01858360320329666,0,0.03867689147591591,1,1,0,0,D,Auxerre,0,0.01858360320329666,0.06169006787240505,0.023013176396489143
13612,Lanroy Machine,10,149,0,0.9174603745341301,0,0,8,0,0,0,S,Angers,0,0.9174603745341301,1.2148090973496437,0.2973487228155136
13626,Quentin Ndjantou,6,217,0,0.20286401733756065,0,0.24388322047889233,4,3,0,0,M S,Paris Saint Germain,0,0.20286401733756065,1.1727476716041565,0.8862272799015045
13733,Andrija Bulatovic,4,53,0,0,1,0.4978826344013214,0,1,0,0,S,Lens,0,0,0.11710027605295181,0.11710027605295181
13736,Khalis Merah,7,417,0,0.6324852705001831,0,0.5053598061203957,2,5,1,0,F M S,Lyon,0,0.6324852705001831,2.419660195708275,1.6976141408085823
13737,Mathys de Carvalho,5,103,0,0.08215725049376488,0,0,2,0,1,0,M S,Lyon,0,0.08215725049376488,0.9740874767303467,0.9229025840759277
13738,Ruben Kluivert,5,185,0,0,1,0.2979506552219391,0,1,0,0,D S,Lyon,0,0,1.177384227514267,1.177384227514267
13742,Ayumu Seko,12,1009,0,0.3730566632002592,0,0.2870838204398751,7,7,2,0,D M S,Le Havre,0,0.3730566632002592,1.6493059797212481,1.3271108381450176
13743,Godson Kyeremeh,6,137,0,0.17604393512010574,1,0.4605725333094597,3,4,0,0,F S,Le Havre,0,0.17604393512010574,0.9295710176229477,0.34720379114151
13744,Felix Mambimbi,9,241,0,0.39940828550606966,0,0.6166518032550812,2,4,0,0,F S,Le Havre,0,0.39940828550606966,1.2462203623726964,0.3806442655622959
13754,Hamza Koutoune,1,1,0,0,0,0,0,0,0,0,S,Nice,0,0,0,0
13755,Mário Sauer,12,477,0,0.22069394774734974,0,0.08445557951927185,8,2,1,0,M S,Toulouse,0,0.22069394774734974,0.745416103862226,0.4975121524184942
13756,Santiago Hidalgo,9,130,0,0.11048269271850586,2,0.1947316899895668,1,3,1,0,F S,Toulouse,0,0.11048269271850586,0.5220754034817219,0.2732904814183712
13758,Seny Koumbassa,1,3,0,0,0,0,0,0,0,0,S,Toulouse,0,0,0,0
13781,Berke Özer,10,900,0,0,1,0.037778012454509735,0,1,0,0,GK,Lille,0,0,2.19442249648273,2.1566444765776396
13782,Nathan Ngoy,10,828,0,1.1819331869482994,1,0.9425815641880035,12,3,1,0,D S,Lille,0,1.1819331869482994,3.646706821396947,3.472798466682434
13783,Marius Broholm,5,133,0,0.13364921510219574,0,0.15915197506546974,2,2,0,0,M S,Lille,0,0.13364921510219574,0.3011893965303898,0.19929476082324982
13784,Maxima Goffi,1,33,0,0,0,0,0,0,0,0,S,Lille,0,0,0.170015349984169,0.170015349984169
13785,Arnaud Bodart,2,180,0,0,0,0,0,0,0,0,GK,Lille,0,0,0.13902315497398376,0.13902315497398376
13792,Ibrahim Osman,11,524,0,1.5085796378552914,2,1.1821768693625927,14,7,0,0,F M S,Auxerre,0,1.5085796378552914,3.291099114343524,1.539346057921648
13793,Lamine Sy,4,19,0,0,0,0.5467450618743896,0,1,0,0,S,Auxerre,0,0,0.5743741113692522,0.5743741113692522
13795,Dermane Karim,10,662,0,0.668545313179493,1,1.2545368932187557,6,6,3,0,F M S,Lorient,0,0.668545313179493,2.825236652046442,1.3356598298996687
13799,Obed Nkambadio,10,900,0,0,0,0.0066623808816075325,0,1,0,0,GK,Paris FC,0,0,3.0856762873008847,3.079013906419277
13803,Julien Lopez,3,19,0,0,0,0,0,0,0,0,S,Paris FC,0,0,0.023826470598578453,0.023826470598578453
13804,Tuomas Ollila,3,108,0,0.014118330553174019,0,0.1540660858154297,1,1,0,0,D S,Paris FC,0,0.014118330553174019,0.08141245879232883,0.06729412823915482
13807,Jonathan Fischer,12,999,0,0,0,0.031860314309597015,0,1,0,0,GK S,Metz,0,0,0.717456391081214,0.717456391081214
13808,Michel Mboula,3,179,0,0,0,0,0,0,0,0,D,Metz,0,0,0.23212185129523277,0.23212185129523277
13809,Giorgi Tsitaishvili,12,710,0,0.5205297209322453,1,2.0404634419828653,12,14,0,0,D M S,Metz,0,0.5205297209322453,2.579767261631787,0.2994942031800747
13810,Brian Madjo,4,153,0,0.3160543292760849,0,0,3,0,0,0,F S,Metz,0,0.3160543292760849,0.3160543292760849,0
13811,Idrissa Gueye,3,126,0,0.12295445054769516,0,0,2,0,0,0,F S,Metz,0,0.12295445054769516,0.04652789607644081,0
13812,Alpha Touré,12,609,0,0.1521788127720356,0,0.21466878429055214,5,5,1,0,D M S,Metz,0,0.1521788127720356,1.4002312384545803,1.2178261019289494
13814,Pape Sy,1,81,0,0,0,0,0,0,0,0,GK,Metz,0,0,0,0
13815,Morgan Bokele,6,170,0,0.18684221059083939,0,0.05074656009674072,2,1,0,0,D S,Metz,0,0.18684221059083939,0.29474785923957825,0.10790564119815826
13816,Mike Penders,11,990,0,0,0,0,0,0,3,0,GK,Strasbourg,0,0,2.1671821884810925,2.1671821884810925
13817,Lucas Høgsberg,9,799,0,0.06633074954152107,0,0,2,0,0,1,D,Strasbourg,0,0.06633074954152107,3.153610073029995,3.153610073029995
13825,Tylel Tati,11,970,0,0.012732615694403648,0,0.015462798997759819,1,1,3,0,D,Nantes,0,0.012732615694403648,1.995434369891882,1.9672390036284924
13826,Kwon Hyeok-Kyu,9,540,0,0.08294955641031265,0,0,2,0,2,0,M S,Nantes,0,0.08294955641031265,0.4192538373172283,0.4192538373172283
13827,Yassine Benhattab,9,412,0,0.13369225338101387,0,0.6935239918529987,3,6,0,0,F M S,Nantes,0,0.13369225338101387,1.078463889658451,0.32702793926000595
13828,Amady Camara,6,120,0,0.5916450191289186,0,0.047952089458703995,3,1,0,0,F S,Nantes,0,0.5916450191289186,0.6847243048250675,0.04512717388570309
13871,Otávio,10,846,0,0.122829704079777,0,0.029301118105649948,6,1,3,1,D S,Paris FC,0,0.122829704079777,3.206463821232319,3.1708040982484818
13902,Ismaël Guerti,3,15,0,0,0,0,0,0,0,0,S,Metz,0,0,0.049509987235069275,0.049509987235069275
13903,Cleo Mélières,2,26,0,0,0,0,0,0,1,0,S,Metz,0,0,0.05715908110141754,0.05715908110141754
13904,Abdoulaye Faye,7,569,0,0.48471296951174736,0,0,6,0,5,0,D S,Lorient,0,0.48471296951174736,1.948235459625721,1.948235459625721
13906,Nordan Mukiele,1,25,0,0.08832927793264389,0,0.09168802201747894,2,1,0,0,S,Rennes,0,0.08832927793264389,0.27386751770973206,0.18553823232650757
13916,Rafael Luís,6,239,0,0.04790029674768448,0,0.07369044236838818,1,3,0,0,M S,Strasbourg,0,0.04790029674768448,1.1196809113025665,1.0459904670715332
13918,Julián Vignolo,1,4,0,0,0,0,0,0,0,0,S,Toulouse,0,0,0,0
13968,Daouda Guindo,6,156,0,0.010344991460442543,0,0,1,0,1,0,D S,Brest,0,0.010344991460442543,0.10612628981471062,0.09578129649162292
13975,Noah Cadiou,7,186,0,0.0684391651302576,0,0,2,0,0,0,M S,Lorient,0,0.0684391651302576,0.3771742358803749,0.33529902435839176
13999,Terry Yegbe,10,842,0,0.06494052521884441,0,0.11223777383565903,2,2,0,0,D S,Metz,0,0.06494052521884441,1.6018058508634567,1.5252251103520393
14031,Charles Vanhoutte,9,722,0,0.07576988451182842,2,0.47368965297937393,2,5,4,0,M S,Nice,0,0.07576988451182842,2.807121928781271,2.2943767569959164
14032,Tiago Gouveia,7,282,0,0.27160846814513206,0,0.05186958611011505,5,1,1,0,D M S,Nice,0,0.27160846814513206,0.6892603561282158,0.3657822757959366
14034,Bahmed Deuff,6,98,0,0.19715333729982376,0,0.1548909842967987,4,1,0,0,S,Nantes,0,0.19715333729982376,0.42774808779358864,0.07570376992225647
14048,Calvin Verdonk,5,262,0,0.01012334693223238,0,0.26343338564038277,1,5,2,1,D S,Lille,0,0.01012334693223238,0.6682639233767986,0.6339613944292068
14049,Abu Francis,8,546,0,0.17653927952051163,0,0.04437817260622978,6,1,2,0,M S,Toulouse,0,0.17653927952051163,1.878791879862547,1.688640858978033
14052,Pathé Mboup,9,430,0,1.4122353121638298,0,0.7965463995933533,8,3,4,0,M S,Brest,0,1.4122353121638298,3.29045407474041,1.1012615179643035
14081,Ryan Rodin,1,4,0,0,0,0,0,0,0,0,S,Auxerre,0,0,0,0
14083,Enzo Koffi,2,2,0,0,0,0,0,0,0,0,S,Le Havre,0,0,0,0
14098,Pape Cabral,4,53,0,0.5059756189584732,0,0,3,0,0,0,S,Monaco,0,0.5059756189584732,0.5961288139224052,0.5003542080521584
14101,Mathis Jangeal,1,6,0,0,0,0,0,0,0,0,S,Paris Saint Germain,0,0,0.136464461684227,0.136464461684227
14131,Amine Sbaï,5,318,0,0.417037446051836,1,0.5233396552503109,8,5,1,0,M S,Angers,0,0.417037446051836,1.8334899991750717,1.070465326309204
14132,Djibirin Harouna,4,60,0,0.055968670174479485,0,0.16816899180412292,2,2,0,0,S,Angers,0,0.055968670174479485,0.28182381205260754,0.0995081439614296
14159,Tadjidine Mmadi,1,1,0,0,0,0.022981369867920876,0,1,0,0,S,Marseille,0,0,0.022981369867920876,0.022981369867920876
14161,Lucas Rosier,1,1,0,0,0,0,0,0,0,0,S,Rennes,0,0,0,0
