goals,yellowCards,redCards,groundDuelsWon,groundDuelsWonPercentage,aerialDuelsWon,aerialDuelsWonPercentage,successfulDribbles,successfulDribblesPercentage,tackles,assists,accuratePassesPercentage,totalDuelsWon,totalDuelsWonPercentage,minutesPlayed,wasFouled,fouls,dispossessed,appearances,saves,savedShotsFromInsideTheBox,savedShotsFromOutsideTheBox,goalsConcededInsideTheBox,goalsConcededOutsideTheBox,highClaims,successfulRunsOut,punches,runsOut,accurateFinalThirdPasses,bigChancesCreated,accuratePasses,keyPasses,accurateCrosses,accurateCrossesPercentage,accurateLongBalls,accurateLongBallsPercentage,interceptions,clearances,dribbledPast,bigChancesMissed,totalShots,shotsOnTarget,blockedShots,goalConversionPercentage,hitWoodwork,offsides,expectedGoals,errorLeadToGoal,errorLeadToShot,passToAssist,player,team,player id,team id
1,0,0,15,78.95,0,0.0,9,100.0,2,0,87.5,15,71.43,111,4,2,2,2,0,0,0,1,0,0,0,0,0,17,0,42,3,1,100.0,1,100.0,0,0,0,1,6,4,1,16.67,0,0,0.6,0,0,0,Jérémy Doku,Stade Rennais,934386,1658
27,4,0,103,46.61,0,0.0,61,49.59,4,7,85.18,103,45.98,2158,38,19,35,29,0,0,0,24,1,0,0,0,0,434,8,793,40,2,8.7,37,86.05,2,1,5,12,120,59,29,22.5,2,20,20.96,0,0,0,Kylian Mbappé,Paris Saint-Germain,826643,1644
1,1,0,2,25.0,1,100.0,1,50.0,1,0,86.67,3,33.33,91,0,2,1,2,0,0,0,0,0,0,0,0,0,4,0,39,0,0,0.0,3,100.0,3,2,2,0,1,1,0,100.0,0,0,0.1,0,0,0,Jordan Amavi,Stade Brestois,342915,1715
0,0,0,1,100.0,2,66.67,0,0.0,0,0,70.83,3,75.0,360,1,0,0,4,18,13,5,6,0,7,0,3,0,3,0,102,0,0,0.0,28,40.0,0,5,0,0,0,0,0,0.0,0,0,,0,0,0,Massamba Ndiaye,Clermont Foot,1177344,1680
6,9,1,102,53.13,12,40.0,24,58.54,42,6,80.67,114,51.35,2154,36,25,23,25,0,0,0,27,4,0,0,0,0,387,7,889,50,35,31.82,66,70.21,21,12,27,2,44,19,10,13.64,1,3,3.73,0,0,0,Aleksandr Golovin,AS Monaco,318963,1653
2,2,0,21,46.67,0,0.0,8,61.54,5,2,75.58,21,42.0,269,8,3,13,3,0,0,0,3,1,0,0,0,0,22,2,65,3,2,25.0,2,33.33,4,0,3,0,5,3,0,40.0,0,0,0.56,0,0,0,Jean-Ricner Bellegarde,RC Strasbourg,845273,1659
0,0,0,20,64.52,2,28.57,5,55.56,13,5,85.44,22,57.89,628,2,2,3,9,0,0,0,7,0,0,0,0,0,98,5,317,13,12,33.33,14,63.64,6,8,3,0,6,1,1,0.0,0,1,0.24,0,0,0,Caio Henrique,AS Monaco,845170,1653
7,4,1,91,48.66,94,68.61,20,57.14,33,6,77.51,185,57.1,2603,40,28,33,32,0,0,0,32,2,0,0,0,0,391,14,996,53,25,26.32,45,54.88,20,34,21,3,69,22,14,10.14,4,13,9.1,0,0,1,Florian Sotoca,RC Lens,788921,1648
0,1,0,1,100.0,5,83.33,0,0.0,0,0,68.18,6,85.71,1080,2,0,0,12,47,27,18,9,1,13,3,4,3,1,0,210,0,0,0.0,55,36.42,0,9,0,0,0,0,0,0.0,0,0,,0,1,0,Radosław Majecki,AS Monaco,849114,1653
7,0,0,87,49.43,4,28.57,32,62.75,39,4,91.27,91,47.89,2130,16,17,23,28,0,0,0,20,2,0,0,0,0,527,4,1642,37,9,23.68,76,78.35,23,29,32,2,45,19,9,15.56,0,1,3.15,0,2,0,Vitinha,Paris Saint-Germain,902029,1644
9,8,1,172,50.89,21,38.89,55,56.7,37,6,75.85,193,49.23,2773,80,41,38,32,0,0,0,34,8,0,0,0,0,388,13,1234,94,60,25.97,198,55.93,33,26,49,3,82,29,24,10.98,1,3,9.13,1,0,3,Teji Savanier,Montpellier,156682,1642
8,4,0,177,46.7,24,44.44,75,49.34,46,8,75.34,201,46.42,2515,58,21,52,33,0,0,0,29,2,0,0,0,0,406,14,880,89,68,27.09,47,62.67,9,7,52,2,40,17,7,20.0,1,3,5.24,0,0,0,Romain Del Castillo,Stade Brestois,825681,1715
0,1,0,0,0.0,3,60.0,0,0.0,0,0,54.35,3,60.0,540,2,0,0,6,26,17,9,9,2,7,1,5,1,9,0,100,0,0,0.0,56,40.29,0,12,0,0,0,0,0,0.0,0,0,0.0,0,0,0,Rémy Descamps,Nantes,788180,1647
4,10,1,182,54.82,20,62.5,29,67.44,96,0,86.49,202,55.49,2521,57,47,12,29,0,0,0,27,2,0,0,0,0,313,5,1415,28,5,16.13,191,69.45,43,57,80,0,52,13,22,7.69,1,1,2.39,0,3,1,Pierre Lees Melou,Stade Brestois,801306,1715
0,0,0,0,0.0,3,100.0,0,0.0,0,0,56.52,3,100.0,360,0,0,0,4,23,16,7,8,3,3,0,0,0,5,0,65,0,0,0.0,25,33.33,0,0,0,0,0,0,0,0.0,0,0,,0,0,0,Dimitry Bertaud,Montpellier,794465,1642
3,0,0,111,51.39,3,33.33,65,49.24,19,8,81.75,114,50.67,1509,27,7,24,26,0,0,0,14,0,0,0,0,0,414,10,766,59,23,23.23,32,71.11,5,3,7,6,43,14,11,6.98,2,6,4.42,0,1,0,Ousmane Dembélé,Paris Saint-Germain,818244,1644
0,3,0,7,77.78,11,91.67,3,75.0,1,0,64.66,18,85.71,2700,3,0,0,30,135,85,50,45,9,34,16,7,16,54,0,719,2,0,0.0,250,39.68,1,20,1,0,0,0,0,0.0,0,0,0.0,4,1,0,Mory Diaw,Clermont Foot,580226,1680
4,3,0,82,45.05,9,39.13,27,47.37,29,5,88.72,91,44.39,1931,26,22,33,25,0,0,0,22,2,0,0,0,0,572,8,1541,43,17,21.52,40,54.79,12,25,17,1,42,12,14,9.52,3,3,4.19,1,1,0,Achraf Hakimi,Paris Saint-Germain,814594,1644
6,7,0,111,52.61,10,40.0,27,62.79,54,3,83.54,121,51.27,2123,30,32,17,28,0,0,0,24,6,0,0,0,0,330,6,1127,43,38,27.34,64,53.78,20,4,37,1,44,15,18,13.64,0,1,3.06,0,0,1,Teddy Teuma,Stade de Reims,829643,1682
1,8,1,99,63.87,64,65.31,29,76.32,34,1,87.22,163,64.43,2187,37,36,7,25,0,0,0,24,2,0,0,0,0,196,2,1249,14,4,19.05,91,55.83,51,77,9,0,19,7,1,5.26,0,2,0.85,0,2,0,Wilfried Singo,AS Monaco,978285,1653
0,3,1,2,50.0,2,66.67,1,100.0,0,0,87.08,4,57.14,2170,0,2,0,25,92,65,25,18,2,14,9,7,10,2,0,573,0,0,0.0,58,43.61,1,16,0,0,0,0,0,0.0,0,0,0.0,1,3,0,Gianluigi Donnarumma,Paris Saint-Germain,824509,1644
9,1,0,51,41.13,14,41.18,10,41.67,31,6,82.09,65,41.14,2435,13,16,12,32,0,0,0,37,6,0,0,0,0,379,8,1109,70,49,29.7,96,62.34,22,34,31,2,51,17,16,17.65,0,2,9.93,1,1,1,Benjamin Bourigeaud,Stade Rennais,324399,1658
0,5,0,84,53.16,7,33.33,22,64.71,26,8,91.34,91,50.84,2578,36,31,15,31,0,0,0,25,2,0,0,0,0,363,15,1550,48,12,26.67,113,76.35,18,26,18,0,34,7,16,0.0,0,0,2.02,0,1,0,Angel Gomes,Lille,867441,1643
3,2,0,119,48.37,18,34.62,54,54.0,33,7,73.41,137,45.97,2722,32,18,37,31,0,0,0,32,6,0,0,0,0,330,19,660,80,58,28.86,36,50.0,14,5,26,7,46,15,15,6.52,2,19,4.54,0,0,0,Junya Ito,Stade de Reims,783278,1682
0,0,0,5,83.33,6,100.0,0,0.0,0,0,70.42,11,91.67,2790,6,1,0,31,111,68,39,41,8,34,7,8,7,18,1,619,1,0,0.0,176,40.84,0,24,0,0,0,0,0,0.0,0,0,0.0,0,0,0,Anthony Lopes,Olympique Lyonnais,48535,1649
19,3,1,77,39.9,27,40.3,22,56.41,19,2,72.43,104,40.0,2303,36,50,37,29,0,0,0,33,9,0,0,0,0,173,4,394,21,2,20.0,17,53.13,8,9,12,9,62,36,5,30.65,4,13,11.41,0,0,0,Alexandre Lacazette,Olympique Lyonnais,50070,1649
17,4,0,60,49.18,26,40.0,18,56.25,22,8,70.82,86,45.99,2628,20,9,21,34,0,0,0,34,3,0,0,0,0,170,10,432,27,9,21.43,5,33.33,9,23,19,22,116,52,25,14.66,6,21,20.58,0,0,0,Pierre-Emerick Aubameyang,Olympique de Marseille,51498,1641
0,1,0,23,69.7,24,52.17,1,100.0,19,1,94.5,47,59.49,1539,3,3,2,21,0,0,0,13,1,0,0,0,0,238,1,1685,9,0,0.0,74,59.2,17,55,6,0,4,0,3,0.0,0,2,0.43,0,1,0,Marquinhos,Paris Saint-Germain,155995,1644
9,4,0,81,41.75,6,31.58,15,39.47,34,6,75.87,87,40.85,2125,32,30,22,30,0,0,0,23,4,0,0,0,0,250,8,632,35,4,12.5,18,39.13,11,7,38,3,60,28,19,15.0,2,5,5.87,0,0,1,Takumi Minamino,AS Monaco,155818,1653
3,2,0,37,46.25,1,6.25,18,52.94,9,3,77.34,38,39.58,778,10,1,24,12,0,0,0,14,2,0,0,0,0,125,6,215,23,21,31.34,10,55.56,1,3,2,1,25,9,7,12.0,0,7,1.62,0,0,0,Saïd Benrahma,Olympique Lyonnais,354808,1649
4,0,0,32,47.76,2,40.0,10,50.0,12,5,88.36,34,47.22,1112,10,8,9,19,0,0,0,12,1,0,0,0,0,235,8,524,34,13,25.0,12,50.0,5,2,9,5,27,10,8,14.81,2,0,3.22,0,0,1,Marco Asensio,Paris Saint-Germain,361004,1644
6,3,1,153,47.52,6,33.33,90,54.22,32,6,82.62,159,46.76,2296,31,23,50,33,0,0,0,19,1,0,0,0,0,319,8,694,49,42,24.14,17,62.96,8,7,22,7,82,29,28,7.32,1,11,6.2,0,0,3,Edon Zhegrova,Lille,887766,1643
5,1,1,86,59.72,9,47.37,33,68.75,12,3,84.81,95,58.28,1252,41,14,19,20,0,0,0,16,5,0,0,0,0,117,4,296,21,5,14.29,15,75.0,2,9,10,1,29,13,7,17.24,1,1,3.62,0,0,0,Arnaud Nordin,Montpellier,848458,1642
1,1,0,38,50.67,9,50.0,10,58.82,13,3,84.45,47,50.54,865,15,16,10,14,0,0,0,19,0,0,0,0,0,130,7,440,25,19,35.85,33,60.0,9,4,6,0,22,5,8,4.55,0,0,1.05,0,0,0,Imrân Louza,Lorient,965943,1656
1,1,0,173,50.14,9,42.86,52,65.0,91,3,85.62,182,49.73,3024,30,34,45,34,0,0,0,45,9,0,0,0,0,522,9,1632,57,20,23.26,77,68.75,48,23,69,2,24,9,9,4.17,0,1,2.19,0,2,0,Maxence Caqueret,Olympique Lyonnais,859027,1649
0,2,0,34,47.89,9,56.25,5,50.0,23,0,87.92,43,49.43,853,6,13,8,10,0,0,0,10,2,0,0,0,0,155,1,502,10,1,33.33,28,58.33,15,15,12,0,10,3,2,0.0,1,0,0.61,0,0,1,Valentin Rongier,Olympique de Marseille,581314,1641
2,7,0,122,60.4,7,33.33,19,51.35,78,3,81.9,129,57.85,2970,25,24,12,33,0,0,0,28,2,0,0,0,0,343,5,1421,35,38,26.57,197,62.74,28,63,26,0,14,7,4,14.29,1,0,0.48,1,0,0,Kenny Lala,Stade Brestois,141080,1715
0,3,0,3,75.0,5,100.0,0,0.0,1,0,75.72,8,88.89,2970,3,1,0,33,104,73,29,33,2,29,14,6,16,26,0,739,2,0,0.0,218,48.99,0,16,0,0,0,0,0,0.0,0,0,0.0,1,2,0,Brice Samba,RC Lens,164055,1648
13,1,0,71,42.01,15,24.59,42,44.68,4,4,74.68,86,37.39,1753,26,13,25,20,0,0,0,36,1,0,0,0,0,106,4,289,21,6,17.65,10,62.5,8,1,9,7,58,28,13,22.41,2,1,9.54,0,0,0,Georges Mikautadze,Metz,1009372,1651
19,4,0,96,47.52,22,24.44,15,44.12,26,4,82.72,118,40.41,2637,56,29,44,34,0,0,0,29,2,0,0,0,0,205,8,536,32,1,50.0,5,83.33,9,4,18,15,79,47,14,24.05,2,13,17.47,0,0,0,Jonathan David,Lille,935564,1643
3,2,1,81,59.56,13,40.63,19,57.58,47,4,79.95,94,55.95,2070,16,11,7,27,0,0,0,23,2,0,0,0,0,308,5,925,46,42,26.42,38,37.62,36,39,23,1,28,8,9,10.71,1,3,1.28,0,0,0,Jonathan Clauss,Olympique de Marseille,821728,1641
0,2,0,36,60.0,36,63.16,4,66.67,27,1,84.68,72,61.54,1035,5,12,1,12,0,0,0,10,3,0,0,0,0,103,1,652,3,0,0.0,27,38.03,22,40,9,0,4,1,0,0.0,0,1,0.25,0,0,0,Mohammed Salisu,AS Monaco,946158,1653
5,3,0,45,58.44,33,63.46,5,62.5,29,2,92.3,78,60.47,1706,12,16,5,21,0,0,0,20,2,0,0,0,0,142,3,1162,13,0,0.0,42,65.63,21,45,8,1,16,7,3,31.25,0,2,2.04,0,1,0,Bafodé Diakité,Lille,962408,1643
1,0,0,10,52.63,0,0.0,6,60.0,3,0,89.29,10,50.0,88,1,0,5,2,0,0,0,3,0,0,0,0,0,8,0,25,3,0,0.0,0,0.0,0,0,0,0,3,1,2,33.33,0,0,0.26,0,0,0,Othmane Maamma,Montpellier,1515917,1642
1,6,0,202,62.54,14,37.84,54,60.0,63,2,83.15,216,60.0,2369,87,38,26,29,0,0,0,25,2,0,0,0,0,231,4,918,27,16,19.28,51,46.79,15,34,22,0,33,7,15,3.03,1,0,1.37,0,0,0,Tiago Santos,Lille,1087364,1643
0,1,0,2,66.67,7,87.5,1,100.0,0,0,72.04,9,81.82,3060,3,0,0,34,144,86,56,60,6,19,4,11,4,16,0,711,0,0,0.0,196,42.61,0,26,1,0,0,0,0,0.0,0,0,0.0,0,3,0,Yvon Mvogo,Lorient,149656,1656
8,4,0,114,52.05,8,25.81,34,54.84,25,4,85.7,122,48.8,2561,56,22,42,33,0,0,0,38,5,0,0,0,0,316,3,1019,49,28,23.73,46,69.7,8,5,16,7,74,30,21,10.81,4,3,9.46,0,1,0,Muhammed Cham-Saračević,Clermont Foot,958901,1680
0,3,0,11,84.62,13,86.67,3,100.0,2,0,44.91,24,85.71,2988,7,1,0,34,129,87,41,51,6,41,7,23,7,35,0,393,0,0,0.0,226,32.19,3,47,1,0,0,0,0,0.0,0,0,0.0,1,2,0,Alexandre Oukidja,Metz,32668,1651
0,1,0,2,66.67,6,100.0,0,0.0,0,1,62.08,8,88.89,2700,2,0,0,30,104,63,40,32,5,27,5,10,5,19,1,537,2,0,0.0,199,38.79,0,26,1,0,0,0,0,0.0,0,0,0.0,1,0,0,Benjamin Lecomte,Montpellier,123207,1642
1,0,0,84,63.16,39,54.93,10,76.92,57,2,78.34,123,60.29,1476,18,25,6,22,0,0,0,21,3,0,0,0,0,175,3,528,17,15,19.74,16,33.33,11,38,18,0,21,7,5,4.76,0,3,1.29,0,0,0,Ismail Jakobs,AS Monaco,897291,1653
4,3,0,133,50.19,17,51.52,39,60.0,61,4,82.23,150,50.34,2701,33,37,33,32,0,0,0,28,5,0,0,0,0,393,7,1444,40,3,21.43,63,48.84,37,31,36,5,52,14,17,7.69,2,1,5.04,0,1,0,Youssouf Fofana,AS Monaco,945062,1653
11,1,0,55,49.11,30,54.55,8,42.11,25,1,77.3,85,50.9,1420,22,19,16,29,0,0,0,13,1,0,0,0,0,111,5,303,16,0,0.0,3,60.0,5,16,14,7,55,21,19,20.0,1,3,10.95,0,0,0,Gonçalo Ramos,Paris Saint-Germain,934510,1644
0,3,1,0,0.0,3,75.0,0,0.0,0,0,72.04,3,50.0,2878,0,1,0,32,96,59,36,32,2,16,21,13,21,27,0,693,3,0,0.0,250,48.17,0,31,1,0,0,0,0,0.0,0,0,0.0,3,0,0,Marco Bizot,Stade Brestois,100390,1715
7,5,0,95,45.02,4,16.67,27,55.1,37,4,81.95,99,42.13,1632,31,33,40,28,0,0,0,13,4,0,0,0,0,307,4,631,39,11,20.37,15,51.72,9,3,24,6,36,22,5,19.44,0,1,5.39,0,0,1,Maghnes Akliouche,AS Monaco,1130939,1653
3,6,0,102,53.68,32,69.57,29,58.0,55,4,76.76,134,56.78,2447,18,20,23,28,0,0,0,33,6,0,0,0,0,207,4,882,46,62,32.63,43,35.54,35,51,27,1,22,9,4,13.64,1,0,1.36,0,1,0,Christopher Operi,Le Havre,858977,1662
0,2,0,34,57.63,48,62.34,3,60.0,22,0,94.13,82,60.29,1999,11,14,1,26,0,0,0,23,2,0,0,0,0,259,0,2084,0,0,0.0,90,63.83,23,98,8,5,10,1,3,0.0,1,1,1.39,0,1,0,Danilo Pereira,Paris Saint-Germain,99545,1644
2,5,0,61,47.66,37,61.67,5,55.56,33,1,85.82,98,52.13,1750,23,24,22,25,0,0,0,22,6,0,0,0,0,272,1,1029,26,14,38.89,75,72.82,10,17,19,1,39,14,9,5.13,2,1,3.24,0,0,0,Corentin Tolisso,Olympique Lyonnais,343067,1649
3,2,0,73,50.0,4,26.67,25,55.56,26,4,89.37,77,47.83,1470,22,17,17,23,0,0,0,13,0,0,0,0,0,335,4,807,27,21,21.65,25,64.1,6,2,21,1,23,9,10,13.04,0,1,1.48,0,0,0,Kang-in Lee,Paris Saint-Germain,917087,1644
3,4,1,156,49.68,13,36.11,52,45.61,30,6,76.9,169,48.29,2187,75,32,38,31,0,0,0,30,4,0,0,0,0,217,13,516,49,43,27.74,16,43.24,20,10,29,1,44,12,15,6.82,3,3,3.17,0,0,0,Dilane Bakwa,RC Strasbourg,963298,1659
2,4,1,110,65.87,58,61.05,9,60.0,79,0,86.46,168,64.12,2275,23,25,10,27,0,0,0,27,3,0,0,0,0,144,0,1399,5,0,0.0,101,50.5,51,84,18,3,14,4,1,14.29,1,1,0.85,0,0,0,Leonardo Balerdi,Olympique de Marseille,928236,1641
0,5,0,146,52.9,14,53.85,21,58.33,98,2,91.47,160,52.98,1934,27,46,24,25,0,0,0,18,1,0,0,0,0,242,1,1212,14,0,0.0,61,78.21,40,24,46,0,10,1,3,0.0,0,0,0.64,0,2,0,Manuel Ugarte,Paris Saint-Germain,846425,1644
1,1,0,90,50.85,45,57.69,15,48.39,65,1,87.19,135,52.94,2597,10,31,23,32,0,0,0,33,6,0,0,0,0,246,2,1552,12,3,50.0,139,57.68,55,111,20,2,32,7,10,3.13,1,2,2.34,0,1,0,Emmanuel Agbadou,Stade de Reims,1013842,1682
1,3,0,66,64.71,43,62.32,7,87.5,44,0,82.73,109,63.74,1742,17,17,5,21,0,0,0,19,4,0,0,0,0,118,0,1059,0,1,33.33,125,49.21,35,110,14,0,11,3,2,9.09,0,0,1.5,1,1,0,Joseph Okumu,Stade de Reims,985933,1682
1,5,1,83,58.04,55,63.22,4,80.0,62,1,91.08,138,60.0,2844,17,42,5,32,0,0,0,23,2,0,0,0,0,207,2,2532,13,1,10.0,123,51.04,37,75,14,1,15,5,5,6.67,0,0,0.94,0,2,0,Dante,Nice,3577,1661
1,2,1,40,54.05,22,51.16,3,100.0,32,1,89.08,62,52.99,1324,5,17,2,15,0,0,0,14,4,0,0,0,0,122,1,840,5,1,25.0,44,55.0,30,52,17,0,12,4,1,8.33,0,0,0.69,0,0,0,Thilo Kehrer,AS Monaco,281277,1653
1,2,0,24,60.0,2,50.0,11,57.89,9,0,92.09,26,59.09,362,4,3,3,6,0,0,0,1,0,0,0,0,0,29,2,198,4,1,16.67,7,77.78,4,1,2,0,4,1,1,25.0,0,0,0.13,0,0,0,Youcef Atal,Nice,894238,1661
16,2,0,41,32.8,15,34.09,17,38.64,4,2,74.49,56,33.14,2329,20,11,39,32,0,0,0,28,4,0,0,0,0,277,6,549,37,3,33.33,13,68.42,8,1,10,14,64,31,12,25.0,1,32,12.49,0,0,0,Wissam Ben Yedder,AS Monaco,119192,1653
6,1,0,105,54.12,3,42.86,63,57.8,18,6,84.76,108,53.73,2008,24,7,27,28,0,0,0,18,1,0,0,0,0,200,8,556,33,22,25.0,18,75.0,8,3,10,4,39,19,11,15.38,1,9,4.23,0,0,0,Jérémie Boga,Nice,367056,1661
3,1,0,82,50.62,5,41.67,30,50.85,14,2,79.55,87,50.0,1199,38,9,28,16,0,0,0,13,4,0,0,0,0,120,5,210,19,1,6.67,3,42.86,4,2,15,0,23,8,11,13.04,0,2,1.21,0,0,1,Yann Gboho,Toulouse,911851,1681
7,2,1,57,50.0,34,48.57,16,47.06,14,3,80.24,91,49.46,1542,28,13,18,24,0,0,0,22,2,0,0,0,0,165,5,394,16,1,20.0,14,87.5,9,14,8,1,38,16,12,18.42,2,9,5.21,0,0,0,Martin Terrier,Stade Rennais,846445,1658
0,1,0,6,60.0,8,100.0,0,0.0,3,0,74.93,14,77.78,2969,7,1,2,33,93,53,40,30,2,23,4,11,5,21,1,795,2,0,0.0,149,36.52,0,22,1,0,0,0,0,0.0,0,0,0.0,1,1,0,Lucas Chevalier,Lille,996953,1643
1,6,0,81,63.28,57,67.06,11,84.62,24,0,88.1,138,64.79,2655,48,23,8,30,0,0,0,30,2,0,0,0,0,168,0,1503,8,0,0.0,80,52.29,23,115,15,3,21,5,2,4.76,0,2,1.91,0,1,0,Kevin Danso,RC Lens,794953,1648
4,9,0,141,54.23,79,58.09,10,43.48,89,0,84.26,220,55.56,2573,43,51,22,30,0,0,0,23,1,0,0,0,0,318,1,1595,19,2,10.53,70,50.0,35,56,38,3,23,9,7,17.39,0,1,2.62,0,0,0,Benjamin André,Lille,51665,1643
4,3,0,61,48.41,6,40.0,20,52.63,18,2,85.0,67,47.52,1509,23,12,22,25,0,0,0,19,0,0,0,0,0,205,3,544,26,23,29.87,22,78.57,16,5,13,0,30,14,4,13.33,3,0,3.01,1,0,0,David Pereira da Costa,RC Lens,1023091,1648
8,3,0,38,36.19,24,43.64,11,39.29,14,3,73.6,62,38.75,1148,14,22,25,16,0,0,0,19,0,0,0,0,0,68,2,184,14,0,0.0,2,66.67,2,3,6,6,38,18,8,21.05,1,11,6.41,0,0,0,Mohamed Bamba,Lorient,1405239,1656
1,3,0,83,58.87,24,50.0,6,33.33,53,3,83.98,107,56.61,1923,24,20,10,25,0,0,0,19,0,0,0,0,0,280,4,870,27,17,22.67,26,40.0,26,42,18,3,12,4,3,8.33,1,3,1.41,0,0,1,Ruben Aguilar,RC Lens,579576,1648
1,6,0,91,62.76,23,58.97,9,64.29,52,1,90.57,114,61.96,1915,30,23,5,27,0,0,0,19,1,0,0,0,0,262,5,1547,12,1,5.26,70,56.0,27,34,21,1,6,2,0,16.67,0,1,0.47,0,0,0,Lucas Hernández,Paris Saint-Germain,352370,1644
1,0,0,138,51.49,3,27.27,81,62.79,28,6,81.12,141,50.54,1717,31,10,43,33,0,0,0,30,4,0,0,0,0,360,5,795,42,24,33.8,58,65.17,7,1,29,6,57,17,21,1.75,1,2,5.17,0,0,0,Rayan Cherki,Olympique Lyonnais,979128,1649
4,3,0,151,53.55,6,28.57,64,67.37,32,4,79.03,157,51.82,1632,55,35,44,31,0,0,0,19,2,0,0,0,0,244,5,554,31,18,25.71,36,81.82,14,8,23,2,34,13,11,11.76,1,2,2.38,0,0,0,Désiré Doué,Stade Rennais,1154605,1658
14,6,0,93,52.54,60,57.14,20,58.82,29,2,68.33,153,54.26,2516,45,37,29,33,0,0,0,32,5,0,0,0,0,145,3,412,18,3,21.43,15,57.69,3,35,6,12,84,34,20,16.67,3,20,14.19,0,0,0,Thijs Dallinga,Toulouse,905381,1681
0,2,0,4,66.67,12,100.0,0,0.0,0,0,59.06,16,88.89,2970,9,0,0,33,112,77,35,37,6,29,9,7,10,24,1,476,1,0,0.0,180,35.71,0,20,2,0,0,0,0,0.0,0,0,0.0,1,0,0,Arthur Desmas,Le Havre,798306,1662
4,9,2,80,52.63,10,41.67,29,76.32,38,0,91.64,90,51.14,2141,13,33,12,25,0,0,0,27,5,0,0,0,0,174,3,1074,11,4,44.44,33,70.21,47,40,18,1,26,10,8,15.38,0,0,1.4,0,0,0,Denis Zakaria,AS Monaco,770677,1653
1,4,0,81,52.94,87,61.27,2,33.33,57,1,83.27,168,56.95,2970,23,35,4,33,0,0,0,31,2,0,0,0,0,135,3,1503,10,5,38.46,150,42.86,53,134,31,0,18,3,6,5.56,1,0,1.54,2,1,0,Brendan Chardonnet,Stade Brestois,328035,1715
3,7,1,48,64.0,49,73.13,3,60.0,33,0,88.13,97,68.31,1729,14,21,2,21,0,0,0,24,2,0,0,0,0,59,1,839,7,4,66.67,19,38.78,25,88,6,2,19,9,4,15.79,0,1,2.48,1,0,0,Samuel Gigot,Olympique de Marseille,339231,1641
3,5,0,94,55.95,28,40.58,20,52.63,55,3,78.09,122,51.48,2700,20,28,11,30,0,0,0,39,7,0,0,0,0,152,5,770,32,19,26.03,41,32.28,50,94,18,1,19,8,2,15.79,0,1,1.42,0,0,0,Matthieu Udol,Metz,787827,1651
2,0,0,113,55.67,7,29.17,21,46.67,54,2,84.54,120,52.86,1492,38,16,16,30,0,0,0,15,1,0,0,0,0,301,7,700,32,11,21.57,18,64.29,5,5,34,6,33,14,6,6.06,1,3,5.24,0,0,0,Rémy Cabella,Lille,72998,1643
1,5,0,118,52.68,4,20.0,39,59.09,28,2,87.09,122,50.0,1838,51,19,37,28,0,0,0,20,0,0,0,0,0,331,5,789,39,12,30.77,20,55.56,12,2,24,2,33,8,9,3.03,1,1,3.71,0,0,0,Amine Harit,Olympique de Marseille,827522,1641
2,4,0,165,54.1,15,51.72,44,70.97,85,1,85.92,180,53.89,2862,36,36,30,33,0,0,0,53,6,0,0,0,0,362,2,1532,30,5,14.71,96,58.18,61,56,58,0,26,11,7,7.69,1,1,1.17,2,1,0,Laurent Abergel,Lorient,296434,1656
2,5,0,44,57.89,20,66.67,2,100.0,34,0,85.94,64,60.38,1056,8,19,3,13,0,0,0,16,1,0,0,0,0,32,1,440,3,0,0.0,33,53.23,15,67,10,1,9,3,2,22.22,0,0,1.16,0,0,0,Modibo Sagnan,Montpellier,904759,1642
0,9,0,87,56.13,40,63.49,28,71.79,36,0,86.67,127,58.26,2286,24,22,25,28,0,0,0,31,4,0,0,0,0,397,1,1535,19,2,22.22,115,62.84,43,35,13,1,11,3,5,0.0,0,1,0.63,1,0,0,Nemanja Matić,Olympique Lyonnais,44241,1649
2,4,0,51,57.3,44,66.67,7,53.85,30,0,88.53,95,61.29,2300,17,16,3,28,0,0,0,29,6,0,0,0,0,189,2,1420,6,4,36.36,80,47.34,31,90,13,2,22,5,5,9.09,0,0,1.88,0,2,0,Arthur Theate,Stade Rennais,965778,1658
7,7,0,110,50.93,32,51.61,17,44.74,55,3,84.04,142,51.08,2038,38,37,23,32,0,0,0,22,2,0,0,0,0,214,4,674,32,14,31.11,25,65.79,27,18,29,4,42,15,13,16.67,1,3,4.86,0,0,0,Mahdi Camara,Stade Brestois,916041,1715
1,3,0,61,67.03,4,33.33,16,88.89,34,3,90.12,65,63.11,1194,11,6,3,21,0,0,0,12,0,0,0,0,0,173,2,775,19,2,18.18,33,64.71,11,17,19,2,19,6,7,5.26,0,1,1.96,0,2,1,Fabián Ruiz,Paris Saint-Germain,784655,1644
7,2,0,89,43.41,15,44.12,46,53.49,20,3,82.6,104,43.51,2081,23,27,40,31,0,0,0,31,6,0,0,0,0,281,3,622,21,0,0.0,11,73.33,14,9,11,5,78,27,22,8.97,0,1,7.37,0,0,0,Amine Gouiri,Stade Rennais,859026,1658
3,4,1,94,44.76,12,32.43,17,44.74,60,1,76.54,106,42.91,1648,17,45,13,20,0,0,0,22,3,0,0,0,0,164,2,620,19,6,12.5,42,48.28,35,36,38,0,30,10,12,10.0,1,1,2.13,0,1,0,Vanderson,AS Monaco,1090694,1653
1,4,0,61,44.53,9,32.14,9,42.86,38,2,83.99,70,42.42,2190,14,22,23,29,0,0,0,31,3,0,0,0,0,388,10,1018,48,25,21.93,67,53.17,13,23,21,1,36,9,9,2.78,1,1,2.91,0,0,0,Jordan Veretout,Olympique de Marseille,151124,1641
0,2,1,90,58.06,41,61.19,16,64.0,58,2,90.09,131,59.01,2654,18,25,9,30,0,0,0,24,2,0,0,0,0,148,3,2218,9,1,8.33,95,45.45,38,92,22,1,9,1,4,0.0,0,0,0.6,0,1,0,Jean-Clair Todibo,Nice,945217,1661
1,4,0,57,53.77,7,53.85,11,55.0,36,1,84.15,64,53.78,1293,10,15,9,22,0,0,0,17,3,0,0,0,0,171,4,653,28,21,42.0,63,68.48,4,13,17,1,20,13,3,5.0,1,0,1.22,0,0,0,Niklas Schmidt,Toulouse,795002,1681
5,1,0,104,58.76,3,27.27,44,50.57,13,1,86.92,107,56.91,1453,47,5,17,17,0,0,0,29,5,0,0,0,0,209,2,485,16,6,15.79,16,66.67,7,3,9,2,27,10,11,18.52,0,1,2.82,1,0,0,Romain Faivre,Lorient,913942,1656
1,4,0,61,62.24,12,54.55,8,47.06,29,0,87.57,73,60.83,830,24,10,10,11,0,0,0,10,1,0,0,0,0,85,1,444,6,0,0.0,15,55.56,10,10,9,0,12,4,1,8.33,0,1,0.98,1,0,0,Andrey Santos,RC Strasbourg,1105779,1659
4,0,0,90,55.21,5,31.25,52,58.43,10,5,77.71,95,53.07,1656,28,7,19,25,0,0,0,21,4,0,0,0,0,192,3,387,23,3,20.0,11,55.0,4,4,10,5,31,11,8,12.9,1,9,4.58,0,0,0,Mohamed Daramy,Stade de Reims,957279,1682
3,9,1,66,57.89,55,60.44,12,75.0,31,0,83.14,121,59.02,2679,23,34,2,30,0,0,0,27,2,0,0,0,0,136,1,1499,6,3,60.0,175,49.58,41,88,12,0,12,4,3,25.0,0,1,1.07,0,0,0,Lilian Brassier,Stade Brestois,988907,1715
1,1,0,5,45.45,0,0.0,1,50.0,2,1,87.88,5,41.67,111,2,2,1,3,0,0,0,1,1,0,0,0,0,7,0,29,2,1,20.0,0,0.0,1,2,2,0,1,1,0,100.0,0,1,0.08,0,0,0,Emran Soglo,Olympique de Marseille,1403124,1641
1,0,0,6,66.67,4,66.67,0,0.0,4,0,78.07,10,66.67,175,2,0,0,2,0,0,0,6,0,0,0,0,0,11,0,89,0,0,0.0,3,18.75,5,8,2,0,3,2,0,33.33,0,1,0.1,0,0,0,Mateusz Wieteska,Clermont Foot,286087,1680
0,0,0,0,0.0,0,0.0,0,0.0,0,1,80.21,0,0.0,528,0,0,0,6,19,12,6,7,0,2,0,0,0,5,1,154,1,0,0.0,28,43.08,0,0,0,0,0,0,0,0.0,0,0,,0,0,0,Arnau Tenas,Paris Saint-Germain,908714,1644
6,8,0,103,43.28,32,49.23,17,60.71,41,2,82.01,135,44.55,2264,47,52,24,30,0,0,0,29,3,0,0,0,0,270,4,980,33,34,30.63,79,54.11,27,31,50,1,36,11,14,16.67,1,3,5.89,0,0,1,Vincent Sierro,Toulouse,794412,1681
2,4,0,96,49.23,8,29.63,16,43.24,51,3,92.4,104,46.85,1962,30,21,34,26,0,0,0,18,2,0,0,0,0,429,5,1277,22,2,25.0,29,80.56,15,19,23,2,14,4,6,14.29,1,1,1.39,0,2,1,Warren Zaïre-Emery,Paris Saint-Germain,1142672,1644
0,3,0,97,51.05,11,47.83,29,56.86,50,1,87.15,108,50.7,1532,18,24,24,25,0,0,0,20,4,0,0,0,0,297,1,882,28,9,37.5,48,77.42,19,16,24,0,12,0,4,0.0,0,0,0.52,0,0,0,Enzo Le Fée,Stade Rennais,984014,1658
0,6,0,43,51.19,7,36.84,2,28.57,24,0,84.14,50,48.54,1237,17,27,2,14,0,0,0,12,2,0,0,0,0,113,3,488,14,17,24.29,17,36.17,16,35,8,1,6,2,0,0.0,0,1,0.31,0,0,0,Renan Lodi,Olympique de Marseille,851150,1641
2,3,0,120,58.25,24,36.92,19,57.58,87,0,80.74,144,53.14,2493,15,35,13,32,0,0,0,36,6,0,0,0,0,187,1,985,23,17,20.0,58,41.73,71,89,25,0,21,5,7,9.52,0,2,1.08,0,1,0,Frédéric Guilbert,RC Strasbourg,372430,1659
1,5,0,74,56.49,39,62.9,11,73.33,46,1,87.08,113,58.55,2183,18,24,16,28,0,0,0,29,7,0,0,0,0,282,0,1045,25,1,100.0,66,70.97,44,48,13,1,18,3,8,5.56,0,0,0.98,0,1,0,Azor Matusiwa,Stade Rennais,856495,1658
3,1,0,70,49.3,22,42.31,14,35.9,14,4,80.91,92,47.42,1448,42,16,25,23,0,0,0,10,1,0,0,0,0,146,4,356,20,6,15.79,4,25.0,13,9,11,3,25,10,5,12.0,1,7,3.2,0,0,0,Ismaïla Sarr,Olympique de Marseille,845286,1641
1,11,0,101,49.27,37,62.71,18,56.25,64,3,87.01,138,52.27,2714,19,51,15,31,0,0,0,34,2,0,0,0,0,328,4,1809,25,7,35.0,98,48.04,24,55,25,1,19,12,5,5.26,0,2,1.12,1,1,0,Facundo Medina,RC Lens,860307,1648
1,7,0,99,50.25,19,50.0,35,58.33,42,1,87.36,118,50.21,2114,22,33,23,27,0,0,0,17,1,0,0,0,0,188,7,968,31,8,40.0,27,54.0,18,37,20,6,39,11,10,2.56,1,2,3.36,0,0,0,Khéphren Thuram,Nice,904832,1661
0,2,0,3,50.0,12,92.31,0,0.0,0,0,67.67,15,78.95,2497,4,1,0,28,76,53,22,41,2,24,14,20,14,22,0,582,0,0,0.0,149,35.22,0,34,2,0,0,0,0,0.0,0,0,0.0,1,0,0,Alban Lafont,Nantes,826201,1647
0,7,0,81,55.86,24,64.86,14,77.78,49,3,86.34,105,57.69,1987,18,23,18,26,0,0,0,23,1,0,0,0,0,217,0,1245,14,1,16.67,105,64.81,37,30,21,0,10,2,3,0.0,0,0,0.35,0,0,0,Nabil Bentaleb,Lille,368120,1643
1,3,0,12,42.86,6,75.0,6,60.0,5,1,83.68,18,50.0,266,1,6,3,6,0,0,0,0,0,0,0,0,0,35,2,159,3,1,14.29,4,44.44,4,1,3,0,4,1,0,25.0,1,0,0.32,0,0,0,Nuno Mendes,Paris Saint-Germain,989768,1644
0,2,0,5,71.43,9,81.82,2,100.0,0,0,84.19,14,77.78,3060,4,0,0,34,77,48,29,27,2,29,6,7,6,6,0,905,0,0,0.0,122,44.69,0,16,2,0,1,0,0,0.0,0,0,0.13,1,2,0,Marcin Bułka,Nice,889590,1661
4,2,1,107,48.64,19,57.58,54,50.47,39,7,80.06,126,49.8,1646,14,26,13,28,0,0,0,21,3,0,0,0,0,264,11,502,33,2,11.11,5,50.0,12,13,24,8,33,11,10,12.12,2,6,4.58,0,1,0,Bradley Barcola,Paris Saint-Germain,996952,1644
4,5,0,84,61.76,61,60.4,8,53.33,64,0,85.24,145,61.18,2782,12,26,4,31,0,0,0,38,8,0,0,0,0,173,0,1531,7,0,0.0,90,42.86,39,108,19,2,22,8,2,18.18,2,0,3.42,1,1,0,Yunis Abdelhamid,Stade de Reims,178721,1682
2,4,1,73,54.48,110,73.83,3,75.0,50,0,85.0,183,64.66,2927,22,45,2,33,0,0,0,39,5,0,0,0,0,89,1,1422,5,0,0.0,94,43.72,42,154,18,0,19,5,4,10.53,0,0,1.12,0,1,0,Rasmus Nicolaisen,Toulouse,798124,1681
1,7,1,128,54.7,25,46.3,37,54.41,69,2,83.97,153,53.13,2661,24,40,14,32,0,0,0,20,2,0,0,0,0,200,4,1236,18,19,27.14,30,28.04,42,36,26,0,15,5,4,6.67,0,1,0.57,0,0,0,Melvin Bard,Nice,906075,1661
0,5,0,195,58.56,30,54.55,56,51.85,97,3,85.45,225,57.99,2960,42,26,28,33,0,0,0,32,2,0,0,0,0,281,4,1263,24,29,30.85,76,57.58,40,55,33,0,12,2,5,0.0,0,1,0.29,0,0,0,Bradley Locko,Stade Brestois,1129382,1715
0,1,0,7,87.5,17,89.47,3,100.0,0,0,75.74,24,88.89,3060,9,0,0,34,92,60,31,39,8,36,17,11,18,14,0,843,0,0,0.0,189,42.86,1,29,1,0,0,0,0,0.0,1,0,0.0,2,1,0,Yehvann Diouf,Stade de Reims,845183,1682
0,2,0,57,67.06,10,62.5,3,33.33,29,1,89.42,67,66.34,1062,25,16,4,16,0,0,0,10,0,0,0,0,0,146,3,575,9,2,28.57,21,45.65,14,13,4,0,7,2,3,0.0,0,0,0.23,1,0,0,Nampalys Mendy,RC Lens,123166,1648
2,1,0,49,53.85,40,55.56,7,70.0,33,2,88.19,89,54.6,2209,9,21,5,25,0,0,0,23,2,0,0,0,0,159,1,1202,7,3,20.0,78,53.42,13,93,13,1,19,2,2,10.53,1,2,1.82,1,0,0,Chancel Mbemba,Olympique de Marseille,238612,1641
8,3,1,68,39.53,76,52.78,15,45.45,21,2,66.1,144,45.57,2016,36,34,37,29,0,0,0,30,3,0,0,0,0,78,5,232,23,4,28.57,9,50.0,12,29,22,6,65,26,16,12.31,3,11,7.86,0,0,0,Mostafa Mohamed,Nantes,873551,1647
4,1,0,38,43.18,10,50.0,15,41.67,3,1,69.0,48,44.44,1024,20,10,17,18,0,0,0,13,1,0,0,0,0,95,5,207,24,20,37.04,11,39.29,3,4,2,2,28,9,10,14.29,0,5,2.41,0,0,0,Nabil Alioui,Le Havre,873049,1662
3,1,0,55,48.67,12,28.57,17,50.0,14,2,77.08,67,43.23,926,24,16,17,18,0,0,0,9,1,0,0,0,0,65,5,148,18,6,33.33,4,57.14,5,8,9,5,37,9,11,8.11,2,6,5.16,0,0,0,Vitinha,Olympique de Marseille,1093695,1641
4,4,0,51,37.78,9,37.5,13,39.39,18,4,87.18,60,37.74,2090,21,32,15,29,0,0,0,32,2,0,0,0,0,232,2,789,38,23,16.2,26,63.41,13,16,21,7,64,26,15,6.25,1,4,5.9,0,0,0,Florent Mollet,Nantes,234230,1647
1,1,0,63,46.32,36,53.73,18,45.0,23,2,80.98,99,48.77,1394,25,8,36,29,0,0,0,14,2,0,0,0,0,206,5,528,38,33,28.95,28,66.67,8,11,8,4,46,10,17,2.17,0,1,3.14,0,0,0,Angelo Fulgini,RC Lens,787540,1648
10,6,0,70,44.3,8,11.43,17,40.48,5,1,82.72,78,34.21,2160,50,28,35,30,0,0,0,26,5,0,0,0,0,163,2,402,28,2,18.18,9,69.23,4,4,3,5,61,24,20,16.39,1,6,9.0,0,0,0,Arnaud Kalimuendo,Stade Rennais,954061,1658
0,5,0,102,52.04,25,49.02,3,25.0,81,3,83.23,127,51.42,2593,18,30,13,31,0,0,0,34,4,0,0,0,0,182,3,948,15,10,30.3,101,64.74,44,54,48,1,21,7,8,0.0,0,0,0.64,0,0,1,Joris Chotard,Montpellier,976396,1642
0,1,0,7,70.0,12,92.31,1,100.0,2,0,69.62,19,82.61,3060,7,1,0,34,105,69,35,39,7,31,14,10,16,25,0,738,0,0,0.0,177,36.34,0,16,2,0,0,0,0,0.0,0,0,0.0,1,0,0,Steve Mandanda,Stade Rennais,27029,1658
3,0,0,83,47.16,15,37.5,47,55.29,7,5,75.92,98,45.37,1793,29,14,37,22,0,0,0,29,2,0,0,0,0,151,5,290,29,23,20.18,13,65.0,3,4,6,8,34,13,7,8.82,2,4,4.13,0,1,0,Moses Simon,Nantes,330051,1647
0,0,0,0,0.0,1,100.0,0,0.0,0,0,82.22,1,100.0,121,0,0,0,2,4,3,1,2,0,3,0,0,0,3,0,37,0,0,0.0,7,46.67,0,0,0,0,0,0,0,0.0,0,0,,0,0,0,Rubén Blanco,Olympique de Marseille,180515,1641
0,1,0,12,54.55,1,50.0,2,66.67,7,0,59.7,13,54.17,196,4,2,0,3,0,0,0,1,0,0,0,0,0,8,1,40,2,0,0.0,6,35.29,2,7,7,0,0,0,0,0.0,0,0,,0,0,0,Abdoul Kone,Stade de Reims,1859949,1682
0,0,0,2,100.0,0,0.0,1,100.0,0,0,86.67,2,100.0,16,1,0,0,1,0,0,0,0,0,0,0,0,0,4,0,13,2,1,100.0,1,100.0,0,1,0,0,1,0,1,0.0,0,0,0.03,0,0,0,Lovro Majer,Stade Rennais,841947,1658
0,0,0,1,50.0,0,0.0,0,0.0,0,0,95.65,1,50.0,96,1,0,0,3,0,0,0,0,0,0,0,0,0,12,0,44,3,0,0.0,7,100.0,3,0,1,0,1,0,0,0.0,0,0,0.01,0,0,0,Sanjin Prcić,RC Strasbourg,94822,1659
0,0,0,2,100.0,4,100.0,1,100.0,1,0,67.48,6,100.0,1980,1,0,0,22,67,43,23,27,5,20,8,9,9,9,0,388,0,0,0.0,120,39.74,1,14,0,0,0,0,0,0.0,0,0,0.0,3,0,0,Philipp Köhn,AS Monaco,868964,1653
3,4,0,84,44.21,17,39.53,12,40.0,60,2,81.05,101,43.35,2194,12,33,15,30,0,0,0,22,1,0,0,0,0,303,8,817,39,22,18.64,32,41.56,25,30,43,6,31,10,10,9.68,2,0,3.72,0,0,0,Przemysław Frankowski,RC Lens,286909,1648
0,8,0,100,54.05,50,52.08,11,73.33,53,0,81.88,150,53.38,2690,36,54,15,30,0,0,0,34,5,0,0,0,0,173,2,1116,17,3,20.0,122,53.98,66,91,16,0,16,3,3,0.0,0,0,0.9,0,2,0,Arouna Sangante,Le Havre,1035988,1662
2,4,0,84,43.52,9,33.33,25,53.19,26,3,84.13,93,42.27,1978,34,30,41,29,0,0,0,14,2,0,0,0,0,172,6,599,43,29,25.44,30,56.6,20,15,19,2,41,9,12,4.88,1,2,3.26,0,0,0,Morgan Sanson,Nice,250133,1661
1,9,1,61,52.59,56,51.85,4,66.67,32,0,86.54,117,52.23,2119,26,31,7,26,0,0,0,21,2,0,0,0,0,255,0,1177,5,3,17.65,73,52.9,37,57,16,0,5,1,2,20.0,0,0,0.33,0,0,0,Jonathan Gradit,RC Lens,369650,1648
1,1,1,23,53.49,20,60.61,2,40.0,16,1,79.6,43,56.58,1069,7,11,1,12,0,0,0,11,1,0,0,0,0,26,1,281,5,0,0.0,18,35.29,18,50,5,0,5,2,0,20.0,0,0,0.23,0,0,0,Maxime Estève,Montpellier,1117223,1642
4,4,0,70,49.65,63,50.81,21,46.67,24,4,72.37,133,50.19,1879,26,18,16,33,0,0,0,18,1,0,0,0,0,122,5,317,21,2,18.18,28,73.68,7,28,15,5,63,20,15,6.35,2,2,6.09,0,0,0,Martín Satriano,Stade Brestois,973536,1715
1,1,0,62,60.19,2,22.22,16,57.14,18,1,88.02,64,57.14,903,28,10,14,14,0,0,0,19,0,0,0,0,0,107,1,338,13,0,0.0,5,50.0,6,5,7,1,7,3,2,14.29,1,0,0.64,1,0,0,Ayman Kari,Lorient,1142673,1656
0,5,0,129,53.75,18,47.37,35,59.32,66,4,81.82,147,52.88,2362,29,24,16,31,0,0,0,33,5,0,0,0,0,290,2,972,44,26,25.74,40,46.51,26,27,48,1,10,3,2,0.0,0,3,0.69,0,0,1,Gabriel Suazo,Toulouse,818986,1681
2,1,0,30,44.12,6,50.0,5,55.56,15,2,87.53,36,45.0,1102,10,11,8,24,0,0,0,14,0,0,0,0,0,178,2,646,20,5,21.74,28,66.67,5,5,15,1,14,5,5,14.29,0,1,1.47,0,1,0,Carlos Soler,Paris Saint-Germain,832427,1644
0,3,0,79,59.4,49,55.68,5,55.56,47,1,87.78,128,57.92,2722,28,34,4,31,0,0,0,38,6,0,0,0,0,133,3,1595,6,2,40.0,119,49.17,28,111,18,0,12,3,4,0.0,0,1,0.63,0,0,0,Lucas Perrin,RC Strasbourg,941077,1659
5,0,0,115,49.78,10,34.48,44,41.9,20,2,76.23,125,48.08,1941,51,11,32,27,0,0,0,25,4,0,0,0,0,149,7,388,20,0,0.0,7,53.85,4,4,12,4,46,19,12,10.87,1,8,3.62,0,0,0,Mousa Tamari,Montpellier,876600,1642
11,4,0,45,34.35,20,33.9,19,59.38,7,2,73.12,65,34.21,1968,19,32,34,30,0,0,0,14,1,0,0,0,0,90,7,272,22,0,0.0,3,27.27,3,13,9,9,49,25,6,22.45,1,13,10.65,0,0,0,Terem Moffi,Nice,894396,1661
0,4,0,70,65.42,30,42.25,6,66.67,48,0,85.38,100,56.18,2312,16,18,3,28,0,0,0,22,6,0,0,0,0,88,1,899,10,1,33.33,56,44.44,27,62,13,0,9,3,3,0.0,0,0,0.5,0,0,0,Bećir Omeragić,Montpellier,940918,1642
1,4,0,67,51.54,7,46.67,9,47.37,35,2,92.17,74,51.03,1053,23,25,15,20,0,0,0,10,2,0,0,0,0,164,0,706,14,1,100.0,37,78.72,11,6,14,1,14,4,4,7.14,1,0,1.47,0,0,0,Mohamed Camara,AS Monaco,1008849,1653
1,6,0,56,51.38,64,62.75,6,60.0,40,1,84.07,120,56.87,2648,10,38,3,31,0,0,0,35,2,0,0,0,0,196,1,1472,6,2,16.67,113,48.29,23,117,9,3,14,4,2,7.14,2,1,1.36,0,1,0,Logan Costa,Toulouse,911853,1681
0,0,0,0,0.0,0,0.0,0,0.0,0,0,64.29,0,0.0,188,0,0,0,3,4,3,1,0,0,0,1,0,1,4,0,45,0,0,0.0,16,39.02,0,0,0,0,0,0,0,0.0,0,0,,0,0,0,Grégoire Coudert,Stade Brestois,891508,1715
2,2,0,61,53.51,75,67.57,4,44.44,50,0,85.63,136,60.44,2779,7,35,2,31,0,0,0,36,5,0,0,0,0,108,0,1186,3,0,0.0,52,35.14,32,138,14,1,16,5,5,12.5,2,1,2.15,0,1,0,Gautier Lloris,Le Havre,287887,1662
6,2,1,43,38.05,138,58.47,11,61.11,8,2,62.95,181,51.86,1770,25,43,17,32,0,0,0,22,2,0,0,0,0,109,2,277,22,3,27.27,6,46.15,2,18,8,10,60,25,8,10.0,1,8,9.01,0,0,1,Steve Mounié,Stade Brestois,345035,1715
6,1,0,51,43.59,10,41.67,13,46.43,28,5,87.79,61,43.26,870,10,15,18,25,0,0,0,7,0,0,0,0,0,131,1,417,12,0,0.0,17,73.91,9,6,19,0,25,11,6,24.0,2,1,4.17,0,0,0,Kamory Doumbia,Stade Brestois,1156353,1715
1,4,0,83,58.45,8,42.11,14,58.33,34,0,88.04,91,56.52,1279,36,23,15,27,0,0,0,17,1,0,0,0,0,106,1,589,10,1,25.0,53,80.3,29,30,11,0,20,5,6,5.0,2,0,0.68,0,0,0,Habib Keita,Clermont Foot,1082953,1680
1,5,1,49,54.44,51,72.86,6,75.0,32,0,90.06,100,62.5,2071,12,20,7,25,0,0,0,25,5,0,0,0,0,121,0,1160,5,0,0.0,74,69.81,33,75,12,0,4,1,1,25.0,1,0,0.66,2,0,0,Warmed Omari,Stade Rennais,999030,1658
1,2,0,52,57.14,15,62.5,1,16.67,33,0,82.98,67,58.26,778,18,20,8,15,0,0,0,10,1,0,0,0,0,95,1,395,4,0,0.0,32,50.79,13,9,6,0,8,2,3,12.5,0,1,0.44,0,0,0,Pape Gueye,Olympique de Marseille,879694,1641
0,1,0,81,55.86,9,30.0,14,51.85,42,2,78.56,90,51.43,1991,25,20,12,26,0,0,0,35,3,0,0,0,0,262,4,799,30,23,22.33,73,48.34,24,30,21,0,19,4,10,0.0,0,3,0.85,0,0,0,Quentin Merlin,Olympique de Marseille,1102502,1641
3,3,0,45,57.69,15,57.69,12,63.16,23,2,85.02,60,57.69,1008,10,10,8,16,0,0,0,11,1,0,0,0,0,83,3,437,7,3,18.75,22,59.46,11,31,8,0,6,4,1,50.0,0,6,0.85,0,2,0,Amir Murillo,Olympique de Marseille,839493,1641
1,6,0,51,49.51,43,70.49,11,78.57,25,1,89.83,94,57.32,2052,15,36,12,24,0,0,0,39,4,0,0,0,0,129,0,1140,7,2,40.0,41,56.16,36,97,6,3,18,9,2,5.56,0,0,1.75,1,1,0,Souleymane Isaak Touré,Lorient,1012650,1656
1,4,0,49,47.12,11,39.29,10,43.48,24,1,87.34,60,45.45,1012,15,22,5,14,0,0,0,11,3,0,0,0,0,127,1,421,20,9,40.91,9,40.91,9,22,15,0,11,4,3,9.09,0,1,0.41,1,0,0,Lorenz Assignon,Stade Rennais,1009334,1658
1,0,0,4,44.44,2,50.0,2,66.67,0,0,81.82,6,46.15,126,2,1,1,2,0,0,0,3,0,0,0,0,0,7,0,27,3,2,50.0,2,50.0,1,2,2,0,3,1,2,33.33,0,0,0.11,0,0,0,Youssef Maziz,Metz,862821,1651
0,1,0,2,50.0,1,50.0,1,100.0,0,1,50.0,3,50.0,27,1,2,0,4,0,0,0,0,0,0,0,0,0,1,1,2,1,0,0.0,0,0.0,1,0,0,0,1,0,1,0.0,0,0,0.04,0,0,0,Trévis Dago,Lille,1445699,1643
0,4,0,65,57.52,36,60.0,11,57.89,36,0,89.99,101,58.38,2019,19,18,15,30,0,0,0,22,1,0,0,0,0,145,2,1016,17,3,50.0,30,50.0,29,32,11,1,16,3,2,0.0,0,1,1.21,0,0,0,Pablo Rosario,Nice,804472,1661
0,7,0,79,47.31,15,60.0,5,45.45,54,1,87.73,94,48.96,1638,20,45,16,26,0,0,0,25,1,0,0,0,0,261,1,987,14,1,8.33,72,61.02,28,32,23,0,11,1,4,0.0,0,0,0.41,0,0,0,Stijn Spierings,Toulouse,788977,1681
0,3,0,90,57.69,39,50.65,14,60.87,52,1,87.55,129,55.36,1937,25,23,19,30,0,0,0,24,3,0,0,0,0,224,0,1055,13,0,0.0,86,71.07,34,32,17,2,28,9,7,0.0,0,1,1.85,0,1,0,Baptiste Santamaria,Stade Rennais,344751,1658
0,1,0,9,81.82,6,100.0,0,0.0,0,0,75.56,15,88.24,2939,12,0,0,33,90,61,25,36,3,15,11,14,12,32,1,816,2,0,0.0,143,36.11,0,24,2,0,0,0,0,0.0,0,0,0.02,1,0,0,Pau López,Olympique de Marseille,548848,1641
1,1,0,121,57.35,42,72.41,26,47.27,72,1,83.39,163,60.59,2467,23,15,18,30,0,0,0,29,2,0,0,0,0,226,2,1064,10,7,24.14,31,42.47,32,66,29,0,7,4,2,14.29,0,3,0.27,0,0,0,Ismaily,Lille,78352,1643
3,5,1,90,51.14,21,58.33,5,33.33,54,1,86.91,111,52.36,2127,32,37,12,25,0,0,0,30,6,0,0,0,0,212,1,863,18,7,17.5,32,53.33,28,39,27,4,15,6,4,20.0,0,0,2.56,0,0,0,Nicolás Tagliafico,Olympique Lyonnais,158243,1649
0,5,0,51,55.43,30,61.22,9,75.0,34,1,81.4,81,57.45,1591,8,20,3,23,0,0,0,27,3,0,0,0,0,51,1,604,3,3,23.08,58,45.67,26,106,16,0,4,1,2,0.0,0,1,0.13,0,0,0,Nicolas Pallois,Nantes,106496,1647
0,6,1,71,58.68,41,69.49,4,57.14,32,0,89.69,112,62.22,2231,37,27,7,29,0,0,0,19,0,0,0,0,0,101,1,1609,5,0,0.0,78,45.88,35,112,15,6,17,2,3,0.0,0,1,2.04,1,4,0,Alexsandro Ribeiro,Lille,1049775,1643
0,3,0,86,58.9,17,70.83,9,81.82,48,0,88.02,103,60.59,1457,29,25,14,26,0,0,0,18,1,0,0,0,0,181,1,830,11,1,50.0,57,61.29,30,24,19,0,8,1,2,0.0,0,2,0.38,0,0,0,Geoffrey Kondogbia,Olympique de Marseille,96544,1641
1,3,1,151,59.22,41,57.75,27,43.55,72,1,81.66,192,58.9,2148,52,36,12,32,0,0,0,31,5,0,0,0,0,128,3,699,21,21,26.58,40,53.33,41,63,26,1,17,4,5,5.88,1,0,1.16,0,0,0,Marvin Senaya,RC Strasbourg,1087805,1659
0,3,1,100,53.76,37,44.58,28,57.14,48,1,82.84,137,50.93,2519,24,21,11,28,0,0,0,41,9,0,0,0,0,182,2,951,25,15,18.99,40,44.44,57,74,35,0,16,2,6,0.0,0,8,0.54,0,0,0,Neto Borges,Clermont Foot,920008,1680
2,5,0,58,61.05,46,64.79,8,80.0,36,0,92.16,104,62.65,2681,16,20,1,32,0,0,0,29,2,0,0,0,0,64,0,1727,2,0,0.0,81,52.26,36,97,14,4,14,8,2,14.29,0,0,1.52,0,1,0,Leny Yoro,Lille,1153315,1643
1,1,0,90,53.89,17,51.52,15,48.39,37,2,86.69,107,53.5,1579,40,21,16,25,0,0,0,16,0,0,0,0,0,147,2,573,16,2,28.57,10,35.71,32,20,26,4,22,8,5,4.55,0,1,2.42,0,1,0,Neil El Aynaoui,RC Lens,1128530,1648
3,3,0,103,48.36,15,37.5,33,62.26,30,1,86.19,118,46.64,2311,41,40,28,31,0,0,0,31,6,0,0,0,0,185,2,730,21,2,9.09,49,71.01,17,13,24,1,39,15,14,7.69,1,1,3.44,0,0,0,Habib Diarra,RC Strasbourg,1128532,1659
0,6,0,102,57.95,28,50.91,23,67.65,43,3,86.05,130,56.28,2228,37,29,19,28,0,0,0,31,7,0,0,0,0,236,6,1129,14,14,26.92,47,37.9,40,48,17,0,14,0,7,0.0,0,1,0.59,0,0,0,Clinton Mata,Olympique Lyonnais,152813,1649
0,2,0,52,56.52,22,55.0,14,63.64,18,1,85.1,74,56.06,1549,20,17,10,24,0,0,0,17,4,0,0,0,0,192,1,651,8,4,13.33,13,30.95,19,36,8,1,16,0,6,0.0,0,1,1.11,0,0,0,Mikkel Desler,Toulouse,226958,1681
0,8,0,95,51.63,9,31.03,2,33.33,70,0,87.89,104,48.83,1780,24,48,8,25,0,0,0,25,2,0,0,0,0,172,2,893,17,9,45.0,41,59.42,26,28,29,1,16,5,5,0.0,1,0,1.17,0,0,0,Douglas Augusto,Nantes,809034,1647
6,1,0,64,38.32,15,51.72,28,41.18,10,5,73.07,79,40.31,1264,26,34,21,26,0,0,0,12,2,0,0,0,0,123,3,255,26,4,44.44,6,42.86,4,10,8,3,22,13,5,27.27,0,6,6.09,0,0,0,Randal Kolo Muani,Paris Saint-Germain,871706,1644
0,5,1,72,55.38,62,68.89,3,100.0,49,2,82.7,134,60.91,1929,21,35,2,23,0,0,0,28,8,0,0,0,0,58,2,717,5,0,0.0,56,45.16,29,121,23,1,14,3,4,0.0,0,1,0.77,0,1,0,Boubakar Kouyaté,Montpellier,848537,1642
3,5,0,107,45.34,11,28.21,42,52.5,32,2,87.31,118,42.91,2257,34,30,41,32,0,0,0,47,5,0,0,0,0,320,4,984,35,14,28.57,36,70.59,19,20,21,1,33,13,13,9.09,2,5,3.33,0,0,0,Julien Ponceau,Lorient,942844,1656
0,6,1,54,56.25,35,60.34,11,78.57,31,0,90.02,89,57.79,1713,12,15,14,23,0,0,0,14,1,0,0,0,0,134,1,1218,11,0,0.0,33,49.25,12,44,11,1,14,3,5,0.0,1,0,1.19,1,0,0,Youssouf Ndayishimiye,Nice,985934,1661
0,7,0,80,42.11,17,51.52,8,36.36,43,0,83.84,97,43.5,2273,29,31,9,28,0,0,0,35,6,0,0,0,0,277,2,1385,32,13,33.33,123,60.0,36,20,58,0,12,5,3,0.0,0,1,0.31,0,4,0,Johan Gastien,Clermont Foot,216222,1680
1,3,0,129,50.39,12,31.58,23,42.59,62,4,79.25,141,47.96,2263,45,45,28,31,0,0,0,36,6,0,0,0,0,166,5,680,42,32,26.89,87,64.44,28,34,25,2,30,9,9,3.33,2,1,2.17,0,0,1,Lamine Camara,Metz,1389846,1651
1,2,0,50,45.87,5,27.78,16,45.71,12,2,82.51,55,43.31,863,22,17,16,17,0,0,0,7,1,0,0,0,0,63,3,184,14,9,20.45,2,100.0,3,4,8,1,18,6,5,5.56,1,3,1.12,0,0,0,Mohamed-Ali Cho,Nice,1063235,1661
1,5,0,22,50.0,45,63.38,1,100.0,16,0,86.25,67,58.26,1227,5,13,0,20,0,0,0,16,2,0,0,0,0,18,0,439,2,1,100.0,29,52.73,12,106,11,1,7,1,1,14.29,0,0,1.13,1,1,0,Christopher Jullien,Montpellier,229598,1642
1,1,1,61,55.96,18,46.15,16,53.33,34,4,84.38,79,53.38,1450,11,5,11,23,0,0,0,28,4,0,0,0,0,171,2,578,18,3,14.29,28,51.85,17,28,18,2,18,6,5,5.56,0,1,2.96,0,1,0,Ainsley Maitland-Niles,Olympique Lyonnais,352768,1649
3,0,1,91,45.27,7,38.89,44,59.46,21,3,85.06,98,44.75,1625,26,22,41,30,0,0,0,22,1,0,0,0,0,227,4,461,22,3,16.67,5,41.67,6,6,18,5,35,9,11,8.57,2,4,4.47,0,0,0,Iliman Ndiaye,Olympique de Marseille,914309,1641
2,5,0,68,64.15,15,35.71,1,50.0,42,0,88.47,83,56.08,1998,26,26,1,25,0,0,0,30,2,0,0,0,0,64,0,936,4,2,66.67,73,51.41,36,76,10,0,9,3,2,22.22,0,1,0.72,0,1,0,Eray Cömert,Nantes,814023,1647
1,4,1,38,56.72,15,50.0,3,75.0,22,0,89.92,53,54.64,1011,13,12,2,13,0,0,0,13,1,0,0,0,0,94,0,839,4,0,0.0,31,64.58,20,24,15,1,5,2,0,20.0,0,0,0.98,0,0,0,Lucas Beraldo,Paris Saint-Germain,1108441,1644
0,2,0,34,69.39,14,63.64,4,80.0,20,1,85.23,48,67.61,717,10,8,3,10,0,0,0,7,2,0,0,0,0,30,1,300,2,0,0.0,15,31.91,12,32,4,0,3,2,0,0.0,0,0,0.32,1,2,0,Saïdou Sow,RC Strasbourg,1063237,1659
0,1,0,35,60.34,26,50.0,2,100.0,24,0,95.42,61,55.45,1623,10,14,1,24,0,0,0,17,1,0,0,0,0,111,0,1729,1,1,100.0,55,69.62,12,50,8,0,3,1,1,0.0,0,0,0.18,1,1,0,Milan Škriniar,Paris Saint-Germain,187205,1644
0,0,0,1,100.0,0,0.0,0,0.0,1,0,100.0,1,50.0,16,0,0,0,1,0,0,0,0,0,0,0,0,0,0,0,5,0,0,0.0,0,0.0,0,0,0,0,1,1,0,0.0,0,0,0.15,0,0,0,Birger Meling,Stade Rennais,606530,1658
0,1,0,15,60.0,2,50.0,1,50.0,10,0,77.97,17,58.62,166,4,4,1,3,0,0,0,3,0,0,0,0,0,16,0,46,0,0,0.0,2,33.33,3,1,4,0,3,1,1,0.0,0,0,0.13,0,0,0,Pablo Pagis,Lorient,1174462,1656
0,0,0,6,60.0,2,28.57,3,75.0,1,0,78.72,8,47.06,104,2,0,1,3,0,0,0,2,0,0,0,0,0,10,0,37,3,4,33.33,2,50.0,4,0,2,0,3,2,1,0.0,0,0,0.12,0,0,0,Mahamadou Nagida,Stade Rennais,1545409,1658
0,1,0,20,64.52,8,61.54,3,100.0,14,0,85.41,28,63.64,309,3,9,1,8,0,0,0,4,1,0,0,0,0,37,0,158,0,0,0.0,8,72.73,6,11,1,0,2,0,0,0.0,0,0,0.07,0,0,0,Paul Akouokou,Olympique Lyonnais,839309,1649
4,4,1,39,58.21,44,63.77,7,87.5,22,2,88.31,83,61.03,2370,10,17,5,27,0,0,0,35,7,0,0,0,0,91,2,1261,5,0,0.0,91,56.88,12,96,6,1,18,8,2,22.22,0,0,3.57,1,0,0,Jake O'Brien,Olympique Lyonnais,998253,1649
4,4,0,58,49.15,12,52.17,7,41.18,24,0,81.89,70,49.65,1126,27,30,16,19,0,0,0,14,2,0,0,0,0,94,1,303,13,6,20.69,8,38.1,7,8,5,0,16,8,5,25.0,0,2,1.67,0,0,0,Deiver Machado,RC Lens,822110,1648
0,2,0,30,48.39,26,74.29,8,88.89,12,0,83.62,56,57.73,802,10,14,11,16,0,0,0,6,0,0,0,0,0,64,0,444,3,1,33.33,21,51.22,14,27,7,3,9,6,1,0.0,1,1,1.3,0,0,0,Nordi Mukiele,Paris Saint-Germain,780014,1644
2,1,0,70,46.98,28,57.14,12,60.0,34,2,80.45,98,49.49,2108,26,30,15,30,0,0,0,24,5,0,0,0,0,292,0,819,29,4,14.81,26,54.17,22,16,28,1,16,5,2,12.5,0,4,1.85,0,1,0,Daler Kuzyaev,Le Havre,541426,1662
2,4,0,104,52.0,46,53.49,29,70.73,47,0,83.85,150,52.45,2308,32,27,28,30,0,0,0,32,2,0,0,0,0,204,0,1028,13,1,25.0,58,63.04,25,26,30,1,33,10,10,6.06,0,0,3.02,0,0,1,Abdoulaye Touré,Le Havre,149732,1662
1,1,0,41,45.05,9,47.37,13,46.43,14,2,78.49,50,45.45,771,14,10,12,16,0,0,0,12,0,0,0,0,0,92,3,270,15,3,33.33,16,61.54,5,6,13,0,14,4,5,7.14,0,0,0.77,0,0,0,César Gelabert,Toulouse,883156,1681
4,3,0,25,49.02,17,47.22,3,30.0,3,1,79.28,42,48.28,543,19,7,10,16,0,0,0,14,2,0,0,0,0,22,3,88,8,1,20.0,2,100.0,0,7,2,2,17,9,2,23.53,0,6,3.26,0,0,0,Ahmadou Bamba Dieng,Lorient,1102503,1656
5,1,0,41,48.81,15,35.71,19,57.58,9,0,71.62,56,44.44,1049,13,10,14,22,0,0,0,16,1,0,0,0,0,69,3,159,17,3,42.86,5,71.43,3,4,5,4,42,19,9,11.9,0,6,3.83,0,0,0,Matthis Abline,Nantes,999070,1647
5,2,1,57,56.44,44,40.37,16,61.54,15,0,75.58,101,48.1,1109,26,15,20,19,0,0,0,18,2,0,0,0,0,81,2,195,8,1,25.0,4,57.14,2,11,3,4,32,13,8,15.63,0,4,3.11,0,0,0,André Ayew,Le Havre,27035,1662
0,0,0,13,43.33,2,28.57,4,57.14,3,0,74.58,15,40.54,161,6,7,6,7,0,0,0,3,1,0,0,0,0,17,2,44,5,3,60.0,0,0.0,6,1,3,0,5,1,3,0.0,0,1,0.27,0,0,0,Marquinhos,Nantes,1116954,1647
3,4,0,113,40.65,10,28.57,51,44.74,28,2,83.8,123,39.3,1849,34,50,31,29,0,0,0,29,3,0,0,0,0,253,6,512,29,19,25.33,26,81.25,8,9,26,4,43,20,16,6.98,1,12,4.02,0,0,0,Ernest Nuamah,Olympique Lyonnais,1202024,1649
0,1,0,21,56.76,30,69.77,1,50.0,15,0,86.56,51,63.75,1943,5,11,2,22,0,0,0,24,5,0,0,0,0,59,0,831,3,0,0.0,45,32.37,44,102,4,0,6,0,4,0.0,0,2,0.38,0,0,0,Étienne Youte Kinkoue,Le Havre,980406,1662
7,1,0,35,39.33,9,25.0,13,65.0,8,1,75.2,44,35.2,1016,15,33,11,27,0,0,0,13,0,0,0,0,0,73,0,185,12,3,20.0,11,68.75,4,3,7,5,45,19,15,15.56,0,8,5.69,0,0,0,Wesley Saïd,RC Lens,227862,1648
1,3,0,36,55.38,29,58.0,5,62.5,22,1,80.63,65,56.52,1575,9,18,4,20,0,0,0,20,1,0,0,0,0,89,2,562,6,1,11.11,43,40.19,21,55,7,1,10,5,2,10.0,0,3,1.09,0,0,0,Yoann Salmier,Le Havre,785518,1662
1,1,0,23,54.76,0,0.0,2,66.67,18,0,91.53,23,46.0,372,3,5,1,5,0,0,0,6,0,0,0,0,0,53,1,281,3,1,50.0,9,50.0,4,9,13,0,2,1,0,50.0,0,0,0.31,0,1,0,Yoram Zague,Paris Saint-Germain,1403218,1644
4,5,0,97,47.55,42,54.55,10,32.26,61,3,71.98,139,49.47,2178,26,45,17,27,0,0,0,28,6,0,0,0,0,117,2,375,12,4,22.22,15,40.54,14,33,28,8,44,16,9,9.09,1,3,6.27,0,0,0,Marshall Munetsi,Stade de Reims,894733,1682
1,1,0,14,60.87,2,50.0,4,100.0,5,1,79.85,16,59.26,544,5,3,2,9,0,0,0,11,2,0,0,0,0,59,1,214,9,5,27.78,11,47.83,3,6,4,0,4,1,0,25.0,0,2,0.12,0,0,0,Vincent Le Goff,Lorient,99945,1656
1,5,0,55,55.0,21,56.76,5,62.5,32,2,82.23,76,55.47,1396,18,22,6,22,0,0,0,19,0,0,0,0,0,93,3,495,12,4,25.0,25,53.19,20,39,14,0,5,2,1,20.0,0,0,0.47,0,0,2,Moussa Diarra,Toulouse,985262,1681
2,5,0,92,59.74,22,44.9,22,56.41,41,0,86.52,114,56.16,1626,29,25,12,29,0,0,0,15,1,0,0,0,0,127,3,597,21,3,13.04,18,48.65,11,15,9,3,29,6,13,6.9,0,1,3.33,0,0,0,Hicham Boudaoui,Nice,985923,1661
2,6,0,92,52.27,13,36.11,26,70.27,49,0,89.11,105,49.53,2354,17,21,18,33,0,0,0,27,2,0,0,0,0,242,2,990,24,8,40.0,39,62.9,18,18,34,1,36,11,13,5.56,0,2,2.45,0,0,0,Hugo Magnetti,Stade Brestois,861324,1715
1,2,0,27,46.55,17,41.46,13,54.17,8,3,76.34,44,44.44,421,6,10,10,11,0,0,0,7,0,0,0,0,0,37,1,71,10,0,0.0,3,42.86,1,6,0,0,9,5,3,11.11,0,2,0.91,0,0,0,Siriné Doucouré,Lorient,1049527,1656
1,1,0,27,60.0,0,0.0,17,58.62,4,1,82.98,27,54.0,253,6,1,3,11,0,0,0,3,0,0,0,0,0,43,0,78,6,10,50.0,1,33.33,1,0,2,0,8,5,3,12.5,0,2,0.78,0,0,0,Ibrahim Cissoko,Toulouse,1128902,1681
1,3,1,29,50.88,36,61.02,1,25.0,18,0,85.84,65,56.03,1388,11,19,3,18,0,0,0,15,3,0,0,0,0,69,2,673,6,0,0.0,42,45.65,18,47,7,1,10,2,2,10.0,0,0,1.35,0,0,0,Christopher Wooh,Stade Rennais,930231,1658
0,1,0,21,51.22,20,64.52,3,100.0,18,0,87.96,41,56.94,1093,0,13,1,13,0,0,0,13,4,0,0,0,0,22,0,555,4,0,0.0,39,48.75,10,43,6,0,6,2,3,0.0,0,0,0.35,1,0,0,Gerzino Nyamsi,RC Strasbourg,901470,1659
1,0,0,32,51.61,6,50.0,16,72.73,4,0,76.92,38,51.35,424,12,3,16,17,0,0,0,6,0,0,0,0,0,56,4,130,13,6,27.27,9,69.23,6,1,5,0,9,4,2,11.11,1,1,0.64,0,0,0,Adam Ounas,Lille,818440,1643
4,1,0,52,38.24,11,64.71,19,59.38,28,1,77.36,63,41.18,1390,5,24,28,25,0,0,0,18,2,0,0,0,0,132,4,287,14,4,17.39,16,57.14,6,5,20,1,41,13,11,9.76,1,2,3.16,0,0,0,Keito Nakamura,Stade de Reims,905352,1682
0,1,0,24,58.54,3,42.86,3,37.5,17,0,84.73,27,56.25,345,4,3,1,6,0,0,0,5,1,0,0,0,0,17,0,111,1,1,14.29,4,57.14,3,12,8,0,3,1,0,0.0,0,0,0.12,0,0,0,Theo Sainte Luce,Montpellier,901152,1642
0,8,1,113,63.84,22,62.86,17,53.13,53,1,86.25,135,63.68,1741,43,28,9,25,0,0,0,25,3,0,0,0,0,121,1,872,8,0,0.0,35,36.46,35,45,12,0,8,1,1,0.0,1,1,0.31,0,0,0,Alidu Seidu,Stade Rennais,1049515,1658
1,3,0,87,52.1,12,52.17,26,47.27,30,1,71.95,99,52.11,1159,32,21,19,22,0,0,0,17,1,0,0,0,0,96,5,313,12,19,25.0,8,26.67,15,30,11,1,15,5,4,6.67,0,3,0.73,0,0,0,Darlin Yongwa,Lorient,998241,1656
1,6,0,88,49.72,21,45.65,24,46.15,39,2,82.06,109,48.88,2145,28,25,24,30,0,0,0,26,3,0,0,0,0,245,3,846,19,13,18.06,29,46.03,19,39,15,1,20,7,5,5.0,0,4,1.65,0,0,0,Adrien Truffert,Stade Rennais,999028,1658
1,0,0,34,52.31,0,0.0,12,52.17,7,0,83.11,34,49.28,598,15,5,13,18,0,0,0,5,0,0,0,0,0,76,3,187,15,9,50.0,18,78.26,5,2,3,1,19,6,6,5.26,1,1,1.6,0,0,0,Badredine Bouanani,Lorient,1153265,1656
0,2,0,19,50.0,16,50.0,1,50.0,10,0,91.52,35,50.0,890,8,12,2,10,0,0,0,14,2,0,0,0,0,49,1,518,3,1,100.0,22,56.41,15,25,7,1,6,1,2,0.0,0,0,1.02,0,1,0,Sinaly Diomandé,Olympique Lyonnais,996951,1649
2,4,0,67,57.76,32,58.18,9,69.23,54,0,88.18,99,57.89,1792,4,30,7,22,0,0,0,29,3,0,0,0,0,63,0,1097,5,0,0.0,56,46.67,26,66,11,2,11,5,0,18.18,0,1,1.59,1,1,0,Abakar Sylla,RC Strasbourg,1170197,1659
0,2,0,2,100.0,5,100.0,0,0.0,0,0,70.05,7,100.0,1710,3,0,0,19,41,30,10,20,4,5,12,6,12,23,1,386,1,0,0.0,119,42.2,0,19,0,0,0,0,0,0.0,0,0,0.06,0,1,0,Matz Sels,RC Strasbourg,78152,1659
1,5,0,76,46.63,13,40.63,5,71.43,50,1,86.94,89,45.64,2600,21,26,14,32,0,0,0,41,4,0,0,0,0,354,0,1478,19,12,41.38,100,48.78,31,26,46,1,17,6,7,5.88,1,2,1.51,0,0,0,Pedro Chirivella,Nantes,799216,1647
0,5,0,29,61.7,6,54.55,1,50.0,21,0,87.64,35,60.34,817,7,9,0,11,0,0,0,10,0,0,0,0,0,39,0,383,1,0,0.0,22,46.81,13,30,8,0,5,2,1,0.0,0,0,0.19,0,2,0,Abdukodir Khusanov,RC Lens,1194333,1648
0,2,0,90,55.9,30,60.0,29,67.44,37,2,78.57,120,56.87,1223,24,18,20,26,0,0,0,14,2,0,0,0,0,169,3,484,23,11,28.21,27,56.25,16,22,22,1,9,0,3,0.0,0,1,0.53,0,0,0,Krépin Diatta,AS Monaco,873534,1653
1,1,0,117,56.8,15,35.71,12,70.59,70,3,82.53,132,53.23,1957,35,42,13,32,0,0,0,27,3,0,0,0,0,146,3,822,16,7,31.82,47,51.65,27,32,32,2,15,4,9,6.67,0,0,1.15,0,1,1,Cristian Cásseres Jr.,Toulouse,878938,1681
1,1,0,26,60.47,23,56.1,1,100.0,19,1,83.01,49,58.33,941,6,11,0,14,0,0,0,15,2,0,0,0,0,20,1,425,1,0,0.0,38,45.78,9,34,7,0,7,2,3,14.29,0,0,0.61,1,2,0,Florent Ogier,Clermont Foot,122943,1680
1,0,0,1,33.33,1,33.33,0,0.0,0,1,70.83,2,33.33,50,1,0,2,4,0,0,0,0,0,0,0,0,0,10,1,17,1,1,50.0,0,0.0,0,0,0,0,1,1,0,100.0,0,1,0.46,0,0,0,Oscar Cortés,RC Lens,1173564,1648
0,0,0,21,56.76,0,0.0,5,50.0,13,1,86.96,21,56.76,323,3,8,3,8,0,0,0,4,0,0,0,0,0,47,0,140,6,4,30.77,0,0.0,3,0,1,0,3,0,1,0.0,0,1,0.14,0,0,0,Senny Mayulu,Paris Saint-Germain,1473491,1644
0,1,0,7,41.18,2,33.33,2,50.0,3,1,67.5,9,39.13,131,2,6,2,6,0,0,0,1,0,0,0,0,0,8,0,27,2,0,0.0,1,50.0,5,0,1,0,1,1,0,0.0,0,0,0.09,0,0,0,Rabby Nzingoula,RC Strasbourg,1492676,1659
0,5,0,50,54.35,43,74.14,6,54.55,33,0,79.88,93,62.0,1260,11,16,8,18,0,0,0,16,1,0,0,0,0,74,0,544,2,4,30.77,54,51.43,20,56,13,0,7,2,1,0.0,0,0,0.31,1,0,0,Formose Mendy,Lorient,982316,1656
0,1,0,76,49.35,2,22.22,30,56.6,24,3,75.2,78,47.85,1102,22,12,24,21,0,0,0,12,5,0,0,0,0,137,4,285,27,11,26.19,12,42.86,9,1,20,1,9,4,2,0.0,0,2,0.43,0,0,1,Ângelo,RC Strasbourg,1086455,1659
4,0,0,23,37.7,4,25.0,7,58.33,10,2,82.67,27,35.06,1353,6,3,15,27,0,0,0,22,4,0,0,0,0,145,4,372,24,1,10.0,13,81.25,3,5,15,1,29,12,7,13.79,0,3,3.43,0,0,0,Kévin Gameiro,RC Strasbourg,3504,1659
1,3,0,89,54.94,13,59.09,28,65.12,40,1,80.74,102,55.43,1461,22,22,24,22,0,0,0,23,5,0,0,0,0,110,1,415,13,0,0.0,26,65.0,18,18,12,1,20,4,5,5.0,0,1,1.43,0,0,0,Junior Mwanga,RC Strasbourg,1197153,1659
1,3,0,47,44.34,19,54.29,10,52.63,28,2,75.14,66,46.81,1457,10,21,14,19,0,0,0,20,4,0,0,0,0,87,2,399,16,9,20.93,24,43.64,23,46,18,2,13,5,4,7.69,1,3,1.43,0,0,0,Issiaga Sylla,Montpellier,291695,1642
0,2,0,55,59.14,52,57.78,10,66.67,38,0,85.52,107,58.47,2205,8,18,4,25,0,0,0,41,5,0,0,0,0,101,0,1004,7,0,0.0,55,38.19,32,107,13,1,5,2,3,0.0,0,1,0.56,0,0,0,Montassar Talbi,Lorient,879618,1656
2,2,0,55,57.89,6,50.0,10,41.67,10,1,84.72,61,57.01,608,35,3,13,23,0,0,0,16,1,0,0,0,0,107,2,255,11,6,23.08,12,80.0,4,4,10,1,14,5,6,14.29,0,5,2.23,0,1,0,Abdoul Kader Bamba,Nantes,938270,1647
5,5,0,56,38.62,37,40.66,13,39.39,22,2,71.7,93,39.41,1457,23,41,25,29,0,0,0,21,0,0,0,0,0,100,1,223,14,4,23.53,2,22.22,4,15,6,3,41,14,11,12.2,0,3,3.06,0,0,0,Frank Magri,Toulouse,1169436,1681
2,1,0,84,46.41,16,38.1,28,44.44,30,1,83.78,100,44.84,1870,26,15,26,29,0,0,0,27,5,0,0,0,0,156,3,532,20,9,19.15,10,43.48,13,28,21,2,37,11,13,5.41,1,1,2.58,0,0,0,Jim Allevinah,Clermont Foot,988632,1680
5,4,0,43,39.45,36,45.57,17,44.74,13,1,66.45,79,42.02,1406,13,14,24,22,0,0,0,13,4,0,0,0,0,87,0,200,13,1,12.5,5,55.56,2,11,8,7,45,18,11,11.11,2,7,7.27,0,0,0,Mohamed Bayo,Le Havre,909318,1662
2,1,0,33,44.59,16,59.26,5,50.0,21,0,77.1,49,48.51,554,7,14,17,23,0,0,0,5,0,0,0,0,0,89,3,165,14,0,0.0,8,88.89,4,7,6,2,21,8,1,9.52,1,7,1.57,0,0,0,Morgan Guilavogui,RC Lens,990743,1648
0,1,0,35,56.45,4,33.33,7,77.78,21,1,74.1,39,52.7,712,8,5,6,11,0,0,0,10,0,0,0,0,0,48,3,186,4,3,15.79,7,24.14,8,7,14,0,4,1,1,0.0,0,0,0.21,0,0,0,Silvan Hefti,Montpellier,814214,1642
5,5,0,46,40.0,5,26.32,13,43.33,19,2,79.18,51,38.06,1330,14,19,22,27,0,0,0,14,1,0,0,0,0,153,5,369,18,7,36.84,11,55.0,5,5,11,6,40,14,11,12.5,2,4,5.46,0,0,0,Yusuf Yazıcı,Lille,827804,1643
0,2,1,32,61.54,57,78.08,1,50.0,26,0,87.33,89,71.2,1998,5,16,1,24,0,0,0,29,3,0,0,0,0,60,2,1048,7,0,0.0,54,42.52,18,93,4,1,7,1,2,0.0,0,0,0.54,0,1,0,Duje Ćaleta-Car,Olympique Lyonnais,257091,1649
2,5,0,60,51.72,51,61.45,8,57.14,34,0,86.78,111,55.78,2466,18,33,7,28,0,0,0,41,4,0,0,0,0,144,1,1103,10,3,15.0,56,42.42,32,78,11,0,10,6,1,20.0,0,2,0.57,0,0,0,Jean-Charles Castelletto,Nantes,191204,1647
0,1,0,30,57.69,23,67.65,5,71.43,18,0,91.26,53,61.63,798,7,10,5,18,0,0,0,9,0,0,0,0,0,48,0,491,1,0,0.0,14,50.0,14,40,5,0,1,0,0,0.0,0,0,0.06,0,0,0,Bamo Meïté,Olympique de Marseille,1131541,1641
0,3,0,7,63.64,7,100.0,1,100.0,0,0,71.66,14,77.78,3060,11,1,0,34,95,59,34,41,5,7,4,8,4,9,0,574,0,0,0.0,117,34.72,0,27,3,0,0,0,0,0.0,0,0,0.0,1,0,0,Guillaume Restes,Toulouse,1154630,1681
1,0,0,23,48.94,0,0.0,13,54.17,8,0,82.56,23,48.94,798,2,1,9,15,0,0,0,11,1,0,0,0,0,130,1,284,10,6,22.22,16,53.33,8,3,3,1,12,3,4,8.33,0,6,1.28,0,0,0,Luís Henrique,Olympique de Marseille,977679,1641
0,3,0,35,62.5,12,57.14,4,66.67,25,0,84.81,47,61.04,546,6,9,1,14,0,0,0,10,1,0,0,0,0,28,0,229,2,0,0.0,33,67.35,13,23,9,0,4,2,0,0.0,0,0,0.28,0,0,0,Julien Le Cardinal,Stade Brestois,1129751,1715
0,0,0,2,50.0,1,100.0,0,0.0,1,0,82.14,3,60.0,59,1,0,1,3,0,0,0,0,0,0,0,0,0,9,0,23,2,0,0.0,1,33.33,2,4,0,0,1,0,0,0.0,0,0,0.04,0,0,0,Valentin Rosier,Nice,842419,1661
0,4,0,62,64.58,31,58.49,7,70.0,40,1,80.21,93,62.42,1852,16,14,2,25,0,0,0,37,3,0,0,0,0,56,0,604,6,0,0.0,69,46.0,20,107,15,1,13,7,3,0.0,0,0,0.82,1,0,0,Fali Candé,Metz,892430,1651
0,2,1,50,58.82,8,38.1,7,50.0,23,0,85.82,58,54.72,1032,21,13,5,14,0,0,0,13,2,0,0,0,0,145,0,593,8,4,50.0,26,54.17,20,14,10,0,6,0,1,0.0,0,0,0.2,0,2,0,Oussama Targhalline,Le Havre,1095731,1662
4,3,0,89,41.98,5,20.83,25,39.06,30,1,85.46,94,39.83,1572,34,44,29,29,0,0,0,16,5,0,0,0,0,177,3,382,20,9,16.98,31,79.49,6,5,16,3,44,17,15,9.09,0,3,4.72,0,0,0,Ludovic Blas,Stade Rennais,806076,1658
1,3,0,50,43.48,13,36.11,9,64.29,25,2,78.79,63,41.72,1205,16,16,22,29,0,0,0,13,2,0,0,0,0,222,7,494,30,11,23.4,8,61.54,9,9,23,7,31,7,13,3.23,1,5,3.82,1,0,0,Adrien Thomasson,RC Lens,231946,1648
5,5,0,95,47.26,12,26.09,20,35.09,38,1,73.53,107,43.32,1593,37,26,22,30,0,0,0,17,4,0,0,0,0,98,4,250,10,4,20.0,6,50.0,19,4,23,2,31,13,7,16.13,1,2,4.12,0,0,0,Emmanuel Sabbi,Le Havre,880765,1662
2,3,0,57,45.24,3,21.43,8,30.77,25,0,90.62,60,42.86,1219,24,15,17,21,0,0,0,15,1,0,0,0,0,248,2,715,15,4,18.18,20,71.43,11,7,21,1,16,4,4,12.5,0,1,0.97,0,0,0,Azzedine Ounahi,Olympique de Marseille,991421,1641
1,0,0,14,46.67,1,11.11,4,57.14,3,0,82.22,15,38.46,190,7,3,7,5,0,0,0,1,1,0,0,0,0,18,0,37,3,0,0.0,4,100.0,1,2,3,1,6,3,2,16.67,0,3,0.71,0,0,0,Breel Embolo,AS Monaco,352296,1653
3,4,0,63,44.37,17,60.71,8,30.77,33,1,83.52,80,47.06,1349,22,30,21,28,0,0,0,18,5,0,0,0,0,146,2,527,12,2,15.38,30,57.69,15,29,12,1,17,8,0,17.65,0,0,1.63,0,0,0,Amir Richardson,Stade de Reims,1121333,1682
1,1,0,32,49.23,12,66.67,2,40.0,23,0,88.05,44,53.01,570,8,15,3,13,0,0,0,10,0,0,0,0,0,65,0,398,2,0,0.0,14,45.16,11,10,12,1,8,3,0,12.5,0,0,0.83,0,1,0,Jean Onana,Olympique de Marseille,978301,1641
1,2,0,34,45.33,16,69.57,8,47.06,17,0,69.53,50,51.02,646,9,10,11,14,0,0,0,4,3,0,0,0,0,58,3,162,6,7,20.0,8,38.1,13,18,11,2,8,5,1,12.5,0,0,1.26,0,0,0,Kassoum Ouattara,AS Monaco,1397558,1653
5,2,0,43,29.86,32,50.0,17,34.0,18,2,70.61,75,36.06,1912,8,25,26,34,0,0,0,17,1,0,0,0,0,114,4,346,27,16,25.81,13,43.33,6,7,19,6,64,23,18,7.81,1,4,7.7,0,1,0,Gaëtan Laborde,Nice,149730,1661
0,0,0,52,70.27,10,47.62,5,71.43,32,1,89.45,62,65.26,1455,15,12,4,23,0,0,0,24,4,0,0,0,0,124,0,721,6,2,15.38,36,60.0,13,42,6,1,3,0,1,0.0,0,0,0.52,0,0,0,Jeanuël Belocian,Stade Rennais,1173172,1658
4,2,0,39,41.49,48,43.64,8,32.0,6,3,71.05,87,42.65,1507,26,20,18,26,0,0,0,24,4,0,0,0,0,105,1,270,18,2,33.33,12,63.16,0,15,3,8,40,20,10,10.0,0,14,6.18,0,0,0,Shamar Nicholson,Clermont Foot,884948,1680
0,1,0,27,72.97,13,52.0,3,100.0,19,0,81.47,40,64.52,853,5,9,0,14,0,0,0,14,2,0,0,0,0,17,0,233,1,2,25.0,24,58.54,8,62,1,0,5,1,1,0.0,0,1,0.36,0,0,0,Sadibou Sané,Metz,1471683,1651
3,1,0,37,45.68,6,25.0,16,43.24,8,2,82.47,43,40.95,929,14,8,14,17,0,0,0,16,4,0,0,0,0,68,1,240,13,6,26.09,18,64.29,8,2,2,1,18,7,7,16.67,0,0,1.97,0,0,1,Ablie Jallow,Metz,886534,1651
3,2,0,62,50.82,12,46.15,10,47.62,28,0,83.13,74,50.0,1028,24,22,14,23,0,0,0,19,0,0,0,0,0,77,2,271,8,1,7.69,12,54.55,14,6,13,0,17,7,5,17.65,0,1,1.92,0,0,0,Khalil Fayad,Montpellier,1387157,1642
1,2,0,73,48.99,10,41.67,30,53.57,28,0,84.28,83,47.98,1327,15,12,30,25,0,0,0,17,2,0,0,0,0,185,0,579,21,12,25.53,6,66.67,3,5,8,2,27,8,12,3.7,2,0,1.52,0,1,0,Andy Diouf,RC Lens,1048889,1648
7,1,0,58,34.94,8,19.51,11,28.21,12,5,74.93,66,31.88,1694,35,31,42,29,0,0,0,23,3,0,0,0,0,115,5,263,26,0,0.0,2,28.57,3,4,8,14,66,29,22,10.61,2,14,11.03,0,0,0,Folarin Balogun,AS Monaco,934237,1653
0,6,0,82,45.81,21,44.68,23,38.33,31,5,77.12,103,45.58,2031,28,25,25,30,0,0,0,26,3,0,0,0,0,174,7,492,31,6,11.54,15,32.61,13,23,11,2,22,4,10,0.0,0,7,1.93,0,0,0,Josué Casimir,Le Havre,1035986,1662
2,2,0,29,43.94,6,60.0,8,47.06,11,0,82.59,35,46.05,818,10,17,8,13,0,0,0,6,1,0,0,0,0,54,0,223,6,3,14.29,13,40.63,10,24,3,0,11,2,6,18.18,0,0,1.44,0,0,0,Sergio Akieme,Stade de Reims,827942,1682
1,2,0,44,53.66,8,44.44,17,70.83,13,0,83.54,52,52.0,621,14,12,15,16,0,0,0,11,3,0,0,0,0,43,1,132,9,0,0.0,0,0.0,2,1,5,2,17,8,6,5.88,1,0,2.56,0,0,0,Tanguy Coulibaly,Montpellier,954060,1642
1,4,0,70,46.67,15,62.5,8,53.33,47,0,86.49,85,48.85,1315,15,28,13,21,0,0,0,23,3,0,0,0,0,105,0,666,7,0,0.0,53,63.1,20,11,32,0,13,3,2,7.69,0,0,0.41,0,0,0,Maxime Gonalons,Clermont Foot,82555,1680
0,2,0,32,55.17,14,66.67,8,80.0,20,2,79.8,46,58.23,863,5,16,3,13,0,0,0,20,1,0,0,0,0,52,2,245,6,4,25.0,18,40.91,13,35,6,0,5,1,0,0.0,0,1,0.18,1,0,0,Koffi Kouao,Metz,867575,1651
0,0,0,5,55.56,0,0.0,1,100.0,2,0,88.24,5,55.56,45,2,1,3,1,0,0,0,0,0,0,0,0,0,5,0,15,0,0,0.0,1,100.0,0,0,1,0,0,0,0,0.0,0,1,,0,0,0,Saimon Bouabre,AS Monaco,1426581,1653
0,1,0,0,0.0,0,0.0,0,0.0,0,0,63.16,0,0.0,90,0,0,0,1,3,2,1,2,0,0,1,0,1,1,0,12,0,0,0.0,3,30.0,0,0,0,0,0,0,0,0.0,0,0,,0,0,0,Mathieu Gorgelin,Le Havre,123226,1662
0,0,0,0,0.0,0,0.0,0,0.0,0,0,70.27,0,0.0,101,0,0,0,2,3,3,0,2,0,0,1,0,1,2,0,26,0,0,0.0,5,31.25,0,0,0,0,0,0,0,0.0,0,0,,0,0,0,Vito Mannone,Lille,17053,1643
0,0,0,2,100.0,0,0.0,0,0.0,2,0,87.5,2,100.0,15,0,0,0,2,0,0,0,0,0,0,0,0,0,0,0,7,0,0,0.0,0,0.0,0,0,0,0,0,0,0,0.0,0,0,,0,0,0,Alois Confais,Le Havre,794374,1662
0,0,0,6,46.15,5,45.45,0,0.0,0,0,65.22,11,45.83,182,6,2,3,6,0,0,0,2,0,0,0,0,0,18,2,30,4,1,16.67,0,0.0,1,1,1,0,6,0,2,0.0,0,1,0.44,0,0,0,Ignatius Ganago,Nantes,890329,1647
0,0,0,26,49.06,6,50.0,4,36.36,12,0,73.98,32,49.23,464,10,9,4,9,0,0,0,7,0,0,0,0,0,42,1,145,6,1,14.29,7,58.33,6,6,7,1,3,1,1,0.0,0,0,0.36,0,0,0,Denis Genreau,Toulouse,862773,1681
0,0,0,8,61.54,0,0.0,0,0.0,6,0,86.67,8,61.54,62,2,2,2,2,0,0,0,1,0,0,0,0,0,9,0,39,0,0,0.0,1,33.33,2,0,1,0,2,1,1,0.0,0,0,0.04,0,0,0,Carlos Baleba,Lille,1199043,1643
3,3,0,51,43.59,30,44.78,8,33.33,21,2,76.69,81,44.02,1221,22,18,13,30,0,0,0,9,0,0,0,0,0,92,3,250,14,14,21.21,7,35.0,10,9,21,5,36,16,6,8.33,0,6,3.51,0,0,0,Mathias Pereira Lage,Stade Brestois,831400,1715
0,1,0,3,100.0,4,100.0,0,0.0,0,0,66.67,7,100.0,1350,3,0,0,15,38,25,13,22,4,17,10,7,10,14,0,296,1,0,0.0,73,34.43,1,18,0,0,0,0,0,0.0,0,0,,2,0,0,Alaa Bellaarouch,RC Strasbourg,1000501,1659
2,0,1,34,50.0,5,38.46,6,26.09,9,1,84.77,39,48.15,430,19,6,8,13,0,0,0,2,0,0,0,0,0,69,1,167,5,5,38.46,4,44.44,2,2,4,0,14,4,6,14.29,0,1,0.8,0,0,0,Eliesse Ben Seghir,AS Monaco,1394353,1653
0,7,0,71,47.33,30,58.82,11,61.11,47,1,81.93,101,50.25,1648,14,44,23,27,0,0,0,25,3,0,0,0,0,143,3,612,12,1,50.0,34,50.0,19,30,7,2,14,3,6,0.0,0,0,0.95,0,0,0,Ibrahima Sissoko,RC Strasbourg,829093,1659
1,2,0,20,54.05,5,50.0,2,33.33,10,0,89.67,25,53.19,624,8,7,2,11,0,0,0,10,2,0,0,0,0,93,0,295,5,5,29.41,4,33.33,10,2,5,0,8,3,1,12.5,0,0,0.34,0,0,0,Henrique,Olympique Lyonnais,336851,1649
0,7,0,77,54.61,24,58.54,8,66.67,56,0,87.4,101,55.49,1358,13,31,8,21,0,0,0,21,2,0,0,0,0,117,0,867,2,1,33.33,58,56.31,21,34,22,1,8,3,1,0.0,0,1,0.62,0,2,0,Soungoutou Magassa,AS Monaco,1170560,1653
3,0,0,24,48.0,0,0.0,8,53.33,5,0,87.1,24,42.11,549,11,3,11,17,0,0,0,6,2,0,0,0,0,59,1,135,6,3,15.0,5,62.5,5,6,5,2,9,7,1,33.33,0,0,1.82,0,0,0,Malick Fofana,Olympique Lyonnais,1195784,1649
2,3,0,54,54.55,20,40.82,24,61.54,22,0,84.53,74,50.0,1117,9,13,5,17,0,0,0,14,5,0,0,0,0,67,0,481,3,1,25.0,16,27.12,22,39,14,0,5,2,1,40.0,1,0,0.97,1,0,0,Christian Mawissa,Toulouse,1407848,1681
2,4,0,87,43.5,9,22.5,10,31.25,46,1,82.4,96,40.0,1865,31,30,19,32,0,0,0,21,3,0,0,0,0,227,3,768,27,3,15.79,40,47.62,23,16,42,1,20,9,5,10.0,0,0,1.61,1,0,0,Yassine Kechta,Le Havre,1000442,1662
1,5,0,75,48.08,20,50.0,19,57.58,38,1,77.07,95,48.47,2050,21,39,11,27,0,0,0,26,5,0,0,0,0,120,7,484,26,23,22.12,27,40.3,17,47,22,3,12,2,2,8.33,1,1,1.7,0,0,0,Thomas Delaine,RC Strasbourg,153218,1659
2,0,0,21,48.84,3,30.0,10,55.56,7,0,73.91,24,45.28,398,4,5,8,14,0,0,0,4,0,0,0,0,0,22,0,51,2,0,0.0,1,100.0,1,1,2,0,7,4,1,28.57,0,0,0.95,0,0,1,Jeremy Sebas,RC Strasbourg,1498433,1659
0,5,0,58,50.0,26,63.41,5,45.45,43,1,87.83,84,53.5,1198,11,27,12,31,0,0,0,10,0,0,0,0,0,177,2,830,15,2,28.57,49,66.22,9,28,15,1,10,3,2,0.0,0,1,1.19,1,1,0,Jonas Martin,Stade Brestois,123264,1715
0,0,0,7,77.78,0,0.0,1,100.0,4,0,91.53,7,58.33,114,2,1,1,8,0,0,0,2,0,0,0,0,0,23,1,54,5,2,100.0,0,0.0,0,0,0,1,5,2,3,0.0,0,0,0.53,0,0,0,Naatan Skyttä,Toulouse,926995,1681
1,0,1,29,42.65,47,55.29,1,100.0,22,0,88.74,76,49.67,1768,6,21,1,23,0,0,0,23,3,0,0,0,0,57,1,930,4,0,0.0,47,51.09,30,104,17,0,11,5,3,9.09,0,1,0.44,1,3,0,Guillermo Maripán,AS Monaco,339909,1653
0,1,0,5,41.67,2,66.67,3,75.0,2,0,78.26,7,46.67,163,0,1,3,5,0,0,0,1,0,0,0,0,0,18,0,54,3,0,0.0,3,42.86,4,5,2,1,1,1,0,0.0,0,0,0.18,0,0,0,Maxime Busi,Stade de Reims,943926,1682
8,2,0,48,34.04,54,43.55,14,34.15,12,1,66.4,102,38.49,2264,22,39,30,32,0,0,0,27,5,0,0,0,0,91,3,247,17,2,16.67,9,50.0,5,11,4,18,79,33,22,10.13,3,26,12.45,0,0,0,Akor Adams,Montpellier,946381,1642
4,3,0,35,41.18,5,41.67,11,37.93,15,1,81.6,40,41.24,552,10,10,15,23,0,0,0,3,1,0,0,0,0,62,1,173,5,4,20.0,9,60.0,10,4,7,3,17,9,2,23.53,0,1,3.18,0,0,0,Ibrahim Salah,Stade Rennais,1386639,1658
2,0,0,12,37.5,5,38.46,3,60.0,5,0,85.56,17,37.78,397,4,11,5,8,0,0,0,4,0,0,0,0,0,54,0,154,7,0,0.0,5,45.45,5,6,2,1,5,2,0,40.0,1,0,0.98,0,0,0,Orel Mangala,Olympique Lyonnais,793988,1649
1,1,0,19,45.24,4,33.33,1,14.29,14,1,83.25,23,42.59,407,4,7,6,13,0,0,0,5,1,0,0,0,0,37,2,169,7,7,21.21,2,25.0,3,7,4,0,2,1,1,50.0,0,0,1.02,0,0,0,Tom Louchet,Nice,1127313,1661
0,0,0,16,61.54,0,0.0,5,62.5,7,0,89.68,16,55.17,238,4,4,4,8,0,0,0,6,0,0,0,0,0,47,0,113,3,0,0.0,6,75.0,2,2,0,0,5,0,0,0.0,0,0,0.23,0,0,0,Adson,Nantes,1105970,1647
0,1,0,7,58.33,0,0.0,1,100.0,4,0,86.96,7,50.0,120,2,4,0,5,0,0,0,1,0,0,0,0,0,12,0,40,2,0,0.0,1,100.0,2,2,1,0,1,0,0,0.0,1,0,0.1,0,0,0,Bilal Nadir,Olympique de Marseille,1129527,1641
0,0,0,46,58.23,16,41.03,11,57.89,28,1,79.32,62,52.54,1379,8,8,7,19,0,0,0,20,4,0,0,0,0,109,0,491,7,6,22.22,20,36.36,24,31,11,0,1,0,1,0.0,0,0,0.02,0,0,0,Falaye Sacko,Montpellier,796372,1642
1,1,0,27,39.71,15,40.54,10,55.56,10,1,79.05,42,40.0,788,7,10,11,17,0,0,0,3,0,0,0,0,0,73,2,200,12,7,24.14,5,55.56,5,5,13,3,11,3,5,9.09,0,2,1.27,0,0,0,Ivan Cavaleiro,Lille,110950,1643
2,1,0,45,43.69,30,45.45,16,39.02,18,1,67.36,75,44.38,889,11,10,9,16,0,0,0,14,2,0,0,0,0,60,1,163,12,3,21.43,9,64.29,11,12,14,4,13,6,2,15.38,0,4,2.61,0,0,0,Papa Amadou Diallo,Metz,1463508,1651
0,0,0,5,62.5,1,33.33,2,100.0,3,0,60.0,6,54.55,28,0,2,0,4,0,0,0,2,1,0,0,0,0,3,0,12,0,0,0.0,0,0.0,1,0,1,0,3,1,2,0.0,0,1,0.08,0,0,0,Yaya Fofana,Stade de Reims,1401006,1682
2,5,0,62,50.41,24,55.81,5,33.33,34,1,86.59,86,51.81,1317,23,25,15,20,0,0,0,26,0,0,0,0,0,88,1,549,4,0,0.0,23,79.31,26,14,13,1,12,7,0,16.67,0,2,1.75,1,0,0,Tiemoué Bakayoko,Lorient,149735,1656
1,4,0,80,57.14,21,58.33,19,50.0,36,0,85.91,101,57.39,1816,25,12,20,28,0,0,0,21,1,0,0,0,0,101,1,701,12,6,30.0,10,25.64,16,19,10,1,11,2,5,9.09,0,0,0.89,1,0,0,Jordan Lotomba,Nice,796279,1661
0,3,0,66,51.97,9,56.25,13,41.94,37,3,77.54,75,52.45,1579,17,22,9,28,0,0,0,17,3,0,0,0,0,125,2,397,13,13,29.55,10,33.33,16,14,12,3,18,4,4,0.0,0,3,1.31,0,0,0,Loic Négo,Le Havre,54308,1662
1,1,0,18,41.86,4,57.14,10,58.82,5,1,76.92,22,44.0,467,3,6,8,11,0,0,0,3,2,0,0,0,0,35,2,150,5,3,25.0,9,40.91,6,5,6,0,4,1,2,25.0,0,1,0.15,0,0,0,Josh Wilson-Esbrand,Stade de Reims,1017915,1682
0,1,1,59,49.58,18,47.37,20,74.07,28,2,78.89,77,49.04,1242,11,29,15,24,0,0,0,16,2,0,0,0,0,114,1,411,17,12,27.91,22,45.83,15,64,10,0,15,3,5,0.0,0,0,0.5,0,1,0,Guéla Doué,Stade Rennais,1002033,1658
5,1,0,27,41.54,8,27.59,12,66.67,7,3,80.31,35,37.23,1085,8,16,10,30,0,0,0,21,4,0,0,0,0,63,3,208,11,5,35.71,6,66.67,10,5,8,6,22,12,3,22.73,0,8,3.78,0,0,0,Eli Junior Kroupi,Lorient,1426228,1656
1,1,0,64,52.03,11,50.0,16,39.02,22,1,76.28,75,51.72,964,26,7,15,27,0,0,0,16,4,0,0,0,0,87,3,254,12,15,26.32,5,31.25,8,1,13,2,25,9,10,4.0,0,2,2.02,0,0,0,Bilal Boutobba,Clermont Foot,769163,1680
0,2,0,29,63.04,30,57.69,4,80.0,13,0,86.56,59,60.2,1243,12,10,5,15,0,0,0,27,0,0,0,0,0,59,0,567,3,0,0.0,39,60.0,18,60,1,1,4,0,1,0.0,0,2,0.38,0,1,0,Nathaniel Adjei,Lorient,1103079,1656
2,1,0,29,42.03,10,37.04,12,42.86,8,3,67.69,39,40.63,564,9,8,11,20,0,0,0,4,1,0,0,0,0,51,2,88,13,0,0.0,3,50.0,3,1,6,4,17,9,6,11.76,0,4,3.4,1,0,0,Mama Baldé,Olympique Lyonnais,557166,1649
0,1,0,52,56.52,9,30.0,2,28.57,36,3,85.28,61,50.0,1190,14,12,13,24,0,0,0,19,1,0,0,0,0,121,3,446,12,2,10.0,13,44.83,9,32,10,1,6,0,2,0.0,1,0,0.83,0,0,0,Warren Kamanzi,Toulouse,1048366,1681
0,1,0,0,0.0,1,100.0,0,0.0,0,1,81.82,1,25.0,56,0,1,0,2,0,0,0,1,0,0,0,0,0,8,1,27,2,1,14.29,1,25.0,0,1,0,0,0,0,0,0.0,0,0,0.0,0,0,0,Farès Chaïbi,Toulouse,1192318,1681
0,2,0,55,67.07,8,40.0,2,33.33,35,0,75.0,63,61.76,896,19,9,8,13,0,0,0,20,1,0,0,0,0,53,1,204,3,2,15.38,26,55.32,14,28,7,1,5,1,2,0.0,0,1,0.7,0,0,0,Nicolas Cozza,Nantes,886286,1647
0,2,0,35,52.24,10,47.62,4,80.0,26,0,79.63,45,51.14,1123,5,15,2,17,0,0,0,14,4,0,0,0,0,93,0,387,7,11,22.45,25,32.89,11,21,14,0,5,1,1,0.0,0,0,0.34,0,0,0,Enzo Tchato Mbiayi,Montpellier,1103548,1642
6,1,0,86,42.57,25,48.08,24,40.0,16,0,76.6,111,43.7,1562,47,32,50,34,0,0,0,19,1,0,0,0,0,85,2,216,15,1,9.09,3,75.0,12,6,1,13,48,23,10,12.5,1,5,8.36,0,0,0,Evann Guessand,Nice,930245,1661
0,2,0,61,53.98,7,38.89,16,48.48,35,2,80.73,68,51.91,1521,10,7,7,26,0,0,0,26,1,0,0,0,0,155,1,465,13,3,9.09,10,43.48,12,33,21,1,13,2,5,0.0,1,0,1.16,0,0,0,Théo Le Bris,Lorient,1131540,1656
0,0,0,42,50.6,17,62.96,10,62.5,21,0,83.49,59,53.64,906,11,15,14,13,0,0,0,13,1,0,0,0,0,97,0,359,8,7,14.29,16,55.17,7,10,7,0,11,5,4,0.0,0,0,0.54,1,1,0,Ulisses Garcia,Olympique de Marseille,558320,1641
3,0,0,10,27.03,5,41.67,4,30.77,5,1,80.12,15,30.61,641,1,11,6,18,0,0,0,9,3,0,0,0,0,45,2,133,5,1,20.0,7,77.78,1,5,3,3,24,7,6,12.5,0,2,4.05,0,0,0,Dion Moise Sahi,RC Strasbourg,1113031,1659
0,2,1,10,35.71,24,70.59,0,0.0,9,0,84.86,34,54.84,721,1,12,2,10,0,0,0,10,4,0,0,0,0,34,0,370,1,0,0.0,23,43.4,12,35,4,1,6,4,0,0.0,0,0,0.45,0,0,0,Dejan Lovren,Olympique Lyonnais,39480,1649
1,2,0,74,49.01,32,50.79,3,30.0,49,0,84.62,106,49.53,1689,23,37,12,31,0,0,0,29,7,0,0,0,0,121,2,688,9,5,35.71,41,59.42,19,26,25,2,14,6,2,7.14,0,1,1.81,0,1,0,Yohann Magnin,Clermont Foot,942840,1680
0,1,0,36,48.0,3,50.0,16,66.67,12,0,85.33,39,48.15,521,8,16,11,18,0,0,0,5,0,0,0,0,0,51,0,192,7,8,30.77,5,71.43,5,5,4,1,18,6,5,0.0,0,1,0.75,0,0,0,Alexis Claude-Maurice,Nice,822877,1661
1,0,0,2,66.67,0,0.0,0,0.0,2,0,87.5,2,66.67,49,0,0,0,6,0,0,0,0,0,0,0,0,0,6,0,28,0,0,0.0,2,50.0,0,0,1,0,2,1,0,50.0,0,0,0.04,0,0,0,Nolan Mbemba,Le Havre,577768,1662
9,8,1,41,36.94,12,30.0,18,47.37,6,3,75.86,53,35.1,1715,17,20,25,28,0,0,0,19,0,0,0,0,0,81,5,220,17,0,0.0,3,50.0,3,2,8,21,60,32,10,15.0,3,25,11.51,0,0,0,Elye Wahi,RC Lens,979315,1648
5,4,0,77,41.18,23,26.44,25,42.37,25,1,79.07,100,36.5,1594,27,35,28,28,0,0,0,20,5,0,0,0,0,102,3,238,15,0,0.0,1,14.29,7,5,14,6,36,12,6,13.89,0,32,7.02,0,0,0,Oumar Diakité,Stade de Reims,1188191,1682
1,4,0,62,50.0,7,35.0,22,52.38,26,1,70.6,69,47.92,1074,14,17,13,19,0,0,0,15,3,0,0,0,0,68,4,269,16,9,20.93,13,30.95,13,20,16,0,14,4,5,7.14,0,0,0.53,0,0,0,Cheick Konaté,Clermont Foot,1469500,1680
3,0,1,14,35.0,7,28.0,1,14.29,2,1,72.28,21,32.31,545,11,12,7,13,0,0,0,9,0,0,0,0,0,30,3,73,4,1,25.0,0,0.0,3,1,3,3,16,5,4,18.75,0,4,1.72,0,0,0,Faris Moumbagna,Olympique de Marseille,1029456,1641
0,8,0,83,44.86,6,31.58,31,47.69,16,1,77.59,89,43.63,1616,36,31,23,27,0,0,0,20,5,0,0,0,0,158,3,412,24,7,25.0,33,71.74,8,15,15,1,21,9,8,0.0,0,4,1.0,0,1,0,Aron Dønnum,Toulouse,863133,1681
1,1,0,53,37.32,1,11.11,28,47.46,16,3,80.43,54,35.76,1381,9,13,35,29,0,0,0,18,5,0,0,0,0,113,5,259,22,11,23.91,12,75.0,3,10,12,2,23,12,7,4.35,0,1,1.84,0,0,0,Reda Khadra,Stade de Reims,995671,1682
3,2,0,32,34.78,6,46.15,8,26.67,9,0,73.08,38,36.19,757,15,17,12,13,0,0,0,10,0,0,0,0,0,61,0,133,5,1,20.0,3,60.0,1,2,9,2,28,8,11,10.71,0,8,2.81,0,0,0,Zakaria Aboukhlal,Toulouse,856737,1681
1,1,0,23,40.35,14,38.89,6,35.29,7,0,78.29,37,39.78,564,11,14,7,9,0,0,0,11,0,0,0,0,0,43,1,137,6,0,0.0,14,73.68,0,11,3,1,11,3,4,9.09,1,3,1.59,0,0,0,Didier Lamkel Zé,Metz,845272,1651
1,2,0,50,44.64,9,39.13,9,33.33,22,0,81.76,59,43.7,1281,19,21,17,25,0,0,0,12,1,0,0,0,0,80,1,372,13,7,19.44,13,48.15,15,22,8,2,15,5,3,6.67,1,4,1.09,0,0,0,Gabriel Gudmundsson,Lille,834308,1643
0,0,0,9,45.0,11,47.83,1,50.0,5,0,68.97,20,46.51,267,3,6,4,6,0,0,0,2,0,0,0,0,0,13,0,40,1,1,100.0,2,50.0,0,0,1,0,6,1,3,0.0,0,1,0.51,0,0,0,Óscar Estupiñán,Metz,822089,1651
0,1,0,10,41.67,1,33.33,3,75.0,4,0,89.62,11,40.74,251,3,6,0,6,0,0,0,5,2,0,0,0,0,40,0,164,3,0,0.0,12,85.71,4,0,7,0,4,2,1,0.0,0,0,0.13,0,0,0,Johann Lepenant,Olympique Lyonnais,963299,1649
0,0,0,25,38.46,2,33.33,6,27.27,8,0,85.19,27,38.03,500,12,9,9,10,0,0,0,3,0,0,0,0,0,55,1,138,8,4,30.77,4,80.0,3,2,6,3,14,6,2,0.0,1,8,1.25,0,0,0,Sofiane Diop,Nice,944164,1661
0,0,0,18,64.29,7,36.84,6,66.67,7,0,88.34,25,53.19,420,5,4,0,10,0,0,0,4,1,0,0,0,0,19,1,197,2,3,75.0,11,57.89,8,15,4,0,2,1,0,0.0,0,0,0.1,0,0,0,Antoine Mendy,Nice,1120615,1661
0,1,0,77,74.76,25,67.57,7,77.78,51,0,85.39,102,72.86,2988,19,13,3,34,0,0,0,49,8,0,0,0,0,134,1,1374,6,1,16.67,59,32.24,33,89,8,1,2,1,1,0.0,1,0,0.34,1,1,0,Andy Pelmard,Clermont Foot,877978,1680
0,2,0,5,29.41,1,25.0,1,20.0,4,1,81.43,6,28.57,110,0,3,4,8,0,0,0,1,0,0,0,0,0,23,1,57,6,2,50.0,0,0.0,4,3,1,1,3,0,1,0.0,0,1,0.13,0,0,0,Mamady Bangré,Toulouse,994867,1681
0,2,0,49,46.67,4,30.77,7,35.0,30,1,81.93,53,44.92,931,12,23,7,17,0,0,0,11,4,0,0,0,0,99,1,399,5,4,14.29,8,26.67,14,13,13,0,6,4,0,0.0,0,2,0.24,1,1,0,Saël Kumbedi,Olympique Lyonnais,1155226,1649
1,6,0,60,44.44,10,41.67,14,37.84,24,0,73.15,70,44.03,1138,23,19,14,25,0,0,0,13,5,0,0,0,0,71,1,218,11,3,27.27,20,58.82,3,7,21,5,42,16,9,2.38,2,7,3.31,0,0,1,Wahbi Khazri,Montpellier,51640,1642
1,0,0,21,50.0,6,66.67,2,40.0,13,0,83.5,27,52.94,373,6,10,3,15,0,0,0,5,2,0,0,0,0,62,2,167,4,1,11.11,11,68.75,5,2,5,1,5,2,2,20.0,0,0,0.3,0,0,0,Fabian Rieder,Stade Rennais,929620,1658
1,2,0,81,50.94,24,53.33,12,50.0,43,0,77.41,105,51.47,1502,27,23,11,28,0,0,0,23,2,0,0,0,0,109,2,401,12,10,21.74,12,27.27,21,35,32,1,9,3,4,11.11,0,0,0.77,0,0,0,Marcus Coco,Nantes,785418,1647
0,0,0,20,48.78,11,40.74,8,66.67,4,0,77.33,31,45.59,283,8,11,6,13,0,0,0,4,0,0,0,0,0,22,0,58,5,0,0.0,1,33.33,1,3,2,0,6,3,1,0.0,0,3,0.51,0,0,0,Kelvin Yeboah,Montpellier,940262,1642
0,3,0,22,62.86,10,66.67,4,50.0,15,0,79.49,32,64.0,603,4,4,3,12,0,0,0,11,1,0,0,0,0,45,1,186,2,1,11.11,4,25.0,8,23,2,0,7,0,5,0.0,0,0,0.32,0,0,0,Ronaël Pierre-Gabriel,Nantes,826293,1647
0,0,0,9,52.94,1,33.33,3,33.33,4,0,57.69,10,50.0,86,2,2,0,7,0,0,0,0,0,0,0,0,0,9,0,15,0,0,0.0,0,0.0,3,0,0,0,3,2,1,0.0,0,0,0.14,0,0,0,Aliou Balde,Nice,1002357,1661
1,1,0,30,35.29,35,42.68,5,29.41,9,0,71.9,65,38.92,766,16,17,23,14,0,0,0,11,2,0,0,0,0,44,1,110,10,1,25.0,2,66.67,0,9,4,1,14,7,3,7.14,0,4,2.28,0,0,0,Simon Elisor,Metz,1049526,1651
2,4,2,76,46.91,24,57.14,17,39.53,30,0,80.0,100,49.02,1175,29,27,22,24,0,0,0,18,4,0,0,0,0,101,1,288,12,3,10.71,3,25.0,12,11,13,1,17,5,6,11.76,1,3,2.13,0,0,0,Elbasan Rashani,Clermont Foot,113409,1680
1,1,0,11,50.0,1,33.33,3,42.86,6,0,84.62,12,48.0,141,2,5,4,9,0,0,0,2,1,0,0,0,0,14,0,33,1,1,25.0,0,0.0,1,1,0,0,2,1,0,50.0,0,1,0.69,0,0,0,Ibou Sane,Metz,1470032,1651
2,5,0,54,46.55,2,20.0,15,46.88,12,0,83.36,56,44.44,1288,28,15,15,26,0,0,0,20,1,0,0,0,0,136,2,446,15,1,14.29,14,70.0,3,3,16,1,12,6,2,16.67,0,1,0.77,0,0,0,Hakon Arnar Haraldsson,Lille,1138804,1643
0,4,1,69,71.13,18,52.94,5,62.5,32,0,89.27,87,66.41,1620,33,14,1,19,0,0,0,22,4,0,0,0,0,37,0,541,1,1,100.0,52,57.14,18,67,10,0,4,0,2,0.0,0,0,0.1,1,1,0,Christophe Herelle,Metz,225092,1651
0,1,0,16,43.24,3,37.5,4,80.0,8,0,76.92,19,42.22,416,4,13,1,13,0,0,0,7,1,0,0,0,0,29,0,150,7,2,20.0,10,32.26,6,10,7,1,8,3,0,0.0,1,1,0.37,0,0,0,Oualid El Hajjam,Le Havre,363532,1662
0,0,0,19,50.0,4,33.33,7,77.78,5,0,77.53,23,46.0,297,7,5,6,14,0,0,0,7,0,0,0,0,0,28,0,69,2,0,0.0,0,0.0,5,4,6,0,8,4,2,0.0,0,1,0.4,0,0,0,Yanis Begraoui,Toulouse,930246,1681
1,1,1,47,48.96,10,43.48,8,38.1,29,1,75.47,57,47.9,992,10,4,15,13,0,0,0,11,3,0,0,0,0,42,1,243,4,3,11.54,15,34.09,8,23,17,0,6,3,1,16.67,0,0,0.37,0,0,0,Lucas Mincarelli Davin,Montpellier,1512339,1642
1,4,0,41,50.62,33,60.0,2,50.0,27,1,88.61,74,54.41,1476,12,22,5,20,0,0,0,27,6,0,0,0,0,89,0,778,3,0,0.0,22,35.48,17,76,13,0,7,2,1,14.29,0,1,0.3,0,1,0,Chrislain Matsima,Clermont Foot,963198,1680
0,3,0,58,55.24,23,62.16,11,50.0,39,0,71.0,81,57.04,1836,8,11,12,22,0,0,0,25,5,0,0,0,0,101,1,475,4,9,26.47,31,31.31,20,62,13,0,6,0,0,0.0,0,0,0.31,0,0,0,Maxime Colin,Metz,128285,1651
1,4,0,50,44.25,11,40.74,13,36.11,26,1,74.34,61,43.57,1048,11,19,14,15,0,0,0,15,0,0,0,0,0,62,1,197,9,2,4.44,5,38.46,8,16,9,5,17,6,1,5.88,2,2,2.12,0,0,0,Panos Katseris,Lorient,1402217,1656
0,5,0,57,47.9,24,61.54,4,40.0,31,2,79.01,81,51.27,1615,22,29,8,23,0,0,0,26,3,0,0,0,0,94,1,478,7,1,50.0,54,58.7,27,37,21,0,7,1,3,0.0,0,0,0.29,0,0,0,Kévin N'Doram,Metz,823476,1651
0,0,0,0,0.0,0,0.0,0,0.0,0,0,91.86,0,0.0,360,0,0,0,4,6,3,3,6,0,0,1,2,1,1,0,79,0,0,0.0,10,58.82,0,4,0,0,0,0,0,0.0,0,0,,0,0,0,Keylor Navas,Paris Saint-Germain,56113,1644
0,0,0,15,60.0,0,0.0,8,66.67,3,0,85.71,15,60.0,76,4,3,2,7,0,0,0,3,0,0,0,0,0,5,0,12,1,0,0.0,0,0.0,0,0,1,1,12,2,5,0.0,0,0,0.92,0,0,0,Ayanda Sishuba,RC Lens,1514294,1648
0,0,0,5,62.5,2,40.0,2,66.67,1,0,68.42,7,53.85,105,2,2,0,3,0,0,0,1,0,0,0,0,0,5,0,13,1,0,0.0,0,0.0,0,1,0,1,5,2,2,0.0,0,0,0.35,0,0,0,Amin Sarr,Olympique Lyonnais,1022204,1649
0,0,0,1,50.0,0,0.0,0,0.0,1,0,85.71,1,33.33,21,0,0,0,2,0,0,0,0,0,0,0,0,0,3,1,6,1,0,0.0,0,0.0,1,0,1,0,1,0,1,0.0,0,0,0.05,0,0,0,Hianga'a M'Bock,Stade Brestois,990820,1715
0,0,0,2,66.67,0,0.0,0,0.0,1,0,87.5,2,66.67,41,1,0,0,2,0,0,0,2,0,0,0,0,0,5,0,28,0,0,0.0,2,50.0,0,0,1,0,2,1,0,0.0,0,0,0.05,0,0,0,Ignacio Miramón,Lille,1090319,1643
0,1,0,10,43.48,3,60.0,0,0.0,6,0,94.79,13,46.43,219,4,5,1,4,0,0,0,7,2,0,0,0,0,19,0,91,2,0,0.0,5,83.33,4,2,7,0,2,1,1,0.0,0,0,0.03,0,0,0,Bonke Innocent,Lorient,587402,1656
0,0,0,0,0.0,0,0.0,0,0.0,0,0,87.5,0,0.0,9,0,1,1,1,0,0,0,0,0,0,0,0,0,6,0,7,1,0,0.0,0,0.0,0,0,0,0,0,0,0,0.0,0,0,0.0,0,0,0,Hugo Ekitiké,Paris Saint-Germain,1048422,1644
0,0,0,2,100.0,0,0.0,1,100.0,1,0,86.67,2,100.0,26,0,0,0,1,0,0,0,0,0,0,0,0,0,3,0,13,0,0,0.0,0,0.0,0,0,0,0,0,0,0,0.0,0,0,0.0,0,0,0,Reda Belahyane,Nice,1389689,1661
0,0,0,1,100.0,1,50.0,0,0.0,1,0,93.75,2,66.67,13,0,0,0,1,0,0,0,0,0,0,0,0,0,0,0,15,0,0,0.0,0,0.0,0,1,0,0,0,0,0,0.0,0,0,0.0,0,0,0,Mamadou Sakho,Montpellier,21134,1642
0,0,0,2,100.0,0,0.0,0,0.0,2,0,91.67,2,50.0,14,0,0,0,2,0,0,0,0,0,0,0,0,0,0,0,11,0,0,0.0,0,0.0,0,1,0,0,0,0,0,0.0,0,0,0.0,0,0,0,Steven Baseya,RC Strasbourg,1506777,1659
0,0,0,13,61.9,2,50.0,1,50.0,9,0,66.67,15,60.0,130,3,0,3,3,0,0,0,2,0,0,0,0,0,3,0,24,1,0,0.0,1,25.0,2,5,4,0,0,0,0,0.0,0,0,0.0,0,0,0,Axel Gueguin,Montpellier,1195635,1642
4,3,0,68,40.96,48,50.53,16,31.37,21,0,71.64,116,44.44,1630,31,29,24,33,0,0,0,18,1,0,0,0,0,97,1,245,10,7,15.91,12,75.0,2,9,15,11,50,21,9,8.0,3,3,6.19,0,0,0,Jérémy Le Douaron,Stade Brestois,1047296,1715
3,4,0,98,49.49,5,22.73,31,46.27,40,1,80.56,103,46.82,1403,27,24,19,29,0,0,0,20,4,0,0,0,0,99,3,286,9,1,8.33,14,73.68,10,10,24,4,21,9,4,14.29,0,6,2.67,0,0,0,Cheick Tidiane Sabaly,Metz,942834,1651
0,5,0,87,44.62,27,36.99,14,53.85,54,0,78.81,114,42.54,2697,23,48,13,33,0,0,0,42,7,0,0,0,0,128,0,569,10,3,15.0,44,48.35,44,41,37,2,34,5,10,0.0,2,2,2.89,0,0,0,Danley Jean Jacques,Metz,1173167,1651
1,6,0,95,39.92,11,35.48,17,47.22,36,1,84.17,106,39.41,2041,43,48,33,30,0,0,0,26,7,0,0,0,0,264,3,1079,28,11,28.95,75,53.96,13,22,47,0,9,1,5,11.11,1,0,0.59,0,0,0,Jordan Ferri,Montpellier,123229,1642
1,0,0,41,41.0,12,38.71,12,42.86,18,2,76.18,53,40.46,937,12,18,16,21,0,0,0,22,0,0,0,0,0,75,4,291,12,4,40.0,27,57.45,10,22,11,1,9,4,2,11.11,0,4,0.58,0,0,0,Arthur Atta,Metz,1444690,1651
3,0,0,20,45.45,22,42.31,4,80.0,5,0,73.91,42,43.75,610,11,13,11,15,0,0,0,7,1,0,0,0,0,44,0,85,5,1,100.0,0,0.0,0,11,1,6,16,7,3,18.75,0,4,4.61,0,0,0,Lebo Mothiba,RC Strasbourg,845084,1659
0,1,0,10,47.62,1,14.29,2,66.67,7,0,82.22,11,39.29,138,1,6,0,9,0,0,0,0,0,0,0,0,0,21,0,37,2,1,33.33,0,0.0,0,0,5,0,5,2,1,0.0,0,0,0.33,0,0,0,Sacha Delaye,Montpellier,1122641,1642
1,0,0,4,33.33,1,14.29,0,0.0,2,0,66.67,5,26.32,107,2,3,2,9,0,0,0,1,0,0,0,0,0,5,0,10,0,0,0.0,0,0.0,0,0,1,0,2,2,0,50.0,0,1,0.43,0,0,0,Myron Boadu,AS Monaco,856744,1653
0,7,1,52,44.44,16,45.71,7,58.33,32,1,82.18,68,44.74,1843,13,26,10,27,0,0,0,22,5,0,0,0,0,154,2,687,11,9,24.32,42,50.0,25,32,25,0,3,0,1,0.0,0,4,0.22,0,0,0,Thomas Foket,Stade de Reims,245615,1682
1,0,0,30,40.0,4,57.14,14,40.0,11,1,74.6,34,41.46,310,5,4,13,10,0,0,0,6,2,0,0,0,0,54,2,94,6,0,0.0,6,100.0,0,0,7,1,11,3,5,9.09,0,1,1.02,0,0,0,Jeffinho,Olympique Lyonnais,1016948,1649
0,2,0,6,42.86,4,66.67,2,66.67,3,1,80.33,10,50.0,107,1,5,1,6,0,0,0,3,0,0,0,0,0,13,1,49,2,0,0.0,3,75.0,3,0,2,0,1,1,0,0.0,0,0,0.08,0,0,0,Eliot Matazo,AS Monaco,1046150,1653
0,0,0,2,28.57,0,0.0,0,0.0,0,1,65.38,2,20.0,58,2,1,1,7,0,0,0,0,0,0,0,0,0,7,1,17,4,2,66.67,0,0.0,0,0,3,0,2,0,2,0.0,0,0,0.06,0,0,0,Adrien Lebeau,Stade Brestois,993238,1715
0,1,1,28,45.9,1,7.69,13,54.17,8,1,73.6,29,39.19,516,7,10,9,14,0,0,0,12,0,0,0,0,0,43,2,92,8,5,25.0,1,20.0,1,1,4,1,7,4,1,0.0,1,1,0.72,0,0,0,Bénie Traoré,Nantes,1099792,1647
0,4,0,33,44.59,38,51.35,1,50.0,23,0,86.54,71,47.97,1816,9,20,2,23,0,0,0,44,3,0,0,0,0,76,0,881,1,1,100.0,88,51.76,11,115,20,0,13,1,4,0.0,1,1,0.83,0,1,0,Julien Laporte,Lorient,791048,1656
1,2,0,55,49.55,9,36.0,5,45.45,38,0,84.21,64,47.06,1132,13,21,9,26,0,0,0,18,2,0,0,0,0,104,0,416,11,0,0.0,14,37.84,11,12,20,3,15,5,5,6.67,0,1,1.77,0,0,0,Samuel Moutoussamy,Nantes,892624,1647
8,3,0,42,33.87,33,33.33,10,31.25,8,1,73.29,75,33.63,2084,24,26,29,28,0,0,0,26,6,0,0,0,0,75,0,214,9,0,0.0,1,25.0,2,25,5,16,48,21,7,16.67,2,12,10.82,0,0,0,Emmanuel Emegha,RC Strasbourg,1048333,1659
0,0,0,28,44.44,4,20.0,12,50.0,10,2,71.64,32,38.55,1020,6,4,11,16,0,0,0,17,3,0,0,0,0,54,1,144,12,6,26.09,3,42.86,3,6,8,2,10,6,1,0.0,0,4,1.32,0,0,0,Alan Virginius,Clermont Foot,1048014,1680
0,0,0,4,36.36,1,14.29,1,33.33,2,1,78.57,5,27.78,142,1,4,2,9,0,0,0,3,1,0,0,0,0,11,0,22,1,0,0.0,0,0.0,1,1,0,0,4,2,0,0.0,0,0,0.24,0,0,0,Aboubacar Ali Abdallah,RC Strasbourg,1807613,1659
0,0,0,8,61.54,7,63.64,1,50.0,5,1,74.04,15,62.5,259,3,1,2,7,0,0,0,7,1,0,0,0,0,25,0,77,2,1,100.0,3,37.5,7,8,1,0,1,0,0,0.0,0,1,0.21,0,0,0,Jérémy Jacquet,Clermont Foot,1445625,1680
1,0,0,21,52.5,5,45.45,6,40.0,11,0,64.22,26,50.98,380,4,5,3,12,0,0,0,5,3,0,0,0,0,32,0,70,2,4,30.77,2,50.0,0,2,3,0,8,4,3,12.5,0,1,0.57,0,0,0,Shavy Warren Babicka,Toulouse,1136280,1681
0,6,2,63,50.0,19,52.78,7,63.64,38,1,87.61,82,50.62,1665,18,39,11,20,0,0,0,24,7,0,0,0,0,84,0,764,9,2,50.0,51,60.71,18,68,10,0,6,1,3,0.0,0,0,0.36,1,1,0,Maximiliano Caufriez,Clermont Foot,800349,1680
2,2,0,27,40.3,23,40.35,4,66.67,19,0,86.86,50,40.32,2228,4,23,3,26,0,0,0,40,5,0,0,0,0,26,0,674,2,0,0.0,63,51.22,30,85,13,0,10,4,1,20.0,1,0,0.82,0,0,0,Ismaël Traoré,Metz,25506,1651
0,0,0,33,43.42,10,47.62,3,25.0,23,1,82.81,43,44.33,988,7,18,7,19,0,0,0,20,3,0,0,0,0,91,2,366,8,7,33.33,14,46.67,5,28,10,0,6,1,2,0.0,0,0,0.28,0,0,0,Gedeon Kalulu,Lorient,991200,1656
2,3,0,16,35.56,4,36.36,9,50.0,3,1,78.06,20,35.71,709,4,12,5,15,0,0,0,24,2,0,0,0,0,78,5,242,16,22,22.92,15,44.12,7,17,4,2,13,4,1,15.38,0,4,1.09,0,0,0,Benjamin Mendy,Lorient,139225,1656
2,1,0,26,27.66,29,50.0,10,33.33,6,1,75.77,55,36.18,1037,11,29,19,26,0,0,0,16,3,0,0,0,0,86,1,197,12,1,50.0,17,73.91,1,10,1,4,31,8,8,6.45,0,8,4.92,0,0,0,Grejohn Kyei,Clermont Foot,581146,1680
0,5,0,60,46.51,17,53.13,9,60.0,37,0,81.68,77,47.83,1363,16,29,8,19,0,0,0,16,1,0,0,0,0,91,0,535,3,4,30.77,32,40.51,18,29,26,1,4,1,1,0.0,0,0,0.27,0,0,0,Jean-Kévin Duverne,Nantes,845930,1647
0,4,0,56,49.12,14,42.42,22,70.97,23,0,85.81,70,47.62,1659,11,19,24,22,0,0,0,23,7,0,0,0,0,95,0,653,9,0,0.0,54,59.34,19,28,8,0,9,0,4,0.0,0,0,0.28,0,2,0,Ismael Doukouré,RC Strasbourg,1049517,1659
0,0,0,29,47.54,8,40.0,2,28.57,19,0,89.22,37,45.68,568,8,19,3,15,0,0,0,6,0,0,0,0,0,31,0,149,2,1,20.0,6,85.71,6,7,8,0,9,2,4,0.0,0,0,0.48,0,0,0,Valentin Atangana Edoa,Stade de Reims,1154611,1682
0,1,0,15,40.54,15,65.22,0,0.0,9,1,86.3,30,50.0,754,7,11,5,18,0,0,0,8,0,0,0,0,0,66,1,315,1,4,18.18,10,47.62,11,28,2,0,3,0,1,0.0,0,2,0.15,1,2,0,Massadio Haïdara,RC Lens,143344,1648
2,2,0,47,44.34,17,53.13,12,38.71,13,1,71.43,64,46.38,860,22,18,17,20,0,0,0,11,2,0,0,0,0,32,0,90,8,4,21.05,4,36.36,6,7,7,0,6,3,2,33.33,0,4,0.58,0,0,0,Joel Asoro,Metz,825901,1651
0,2,0,20,44.44,3,42.86,4,80.0,9,0,86.81,23,44.23,355,7,10,7,11,0,0,0,5,3,0,0,0,0,41,0,125,3,0,0.0,8,72.73,4,3,8,2,6,0,2,0.0,0,0,0.75,0,0,0,Mahamadou Diawara,Olympique Lyonnais,1402751,1649
0,2,1,36,69.23,12,50.0,2,66.67,13,0,80.63,48,63.16,500,21,7,4,16,0,0,0,5,1,0,0,0,0,31,0,204,3,0,0.0,11,57.89,10,9,4,0,6,1,1,0.0,0,0,0.29,0,0,0,Amadou Koné,Stade de Reims,1586875,1682
0,7,1,70,48.28,17,42.5,5,35.71,56,0,80.6,87,47.03,1834,9,38,7,27,0,0,0,28,5,0,0,0,0,192,0,694,14,5,16.13,40,40.4,21,48,26,0,4,0,1,0.0,0,2,0.26,1,0,0,Thibault De Smet,Stade de Reims,844744,1682
1,1,0,33,32.67,37,50.68,12,46.15,10,0,76.87,70,40.23,1087,12,19,28,25,0,0,0,16,2,0,0,0,0,92,1,236,18,2,25.0,5,38.46,15,15,9,4,16,6,3,6.25,0,7,2.6,0,0,0,Tino Kadewere,Nantes,810535,1647
0,2,0,40,48.78,7,35.0,2,20.0,31,0,78.65,47,46.08,1253,7,13,4,23,0,0,0,23,5,0,0,0,0,83,0,431,9,5,11.9,27,42.19,16,32,17,3,19,1,5,0.0,1,2,1.43,0,0,0,Mehdi Zeffane,Clermont Foot,217770,1680
0,7,0,40,36.7,14,36.84,10,47.62,27,0,81.69,54,36.73,1837,3,40,8,26,0,0,0,30,2,0,0,0,0,138,2,531,14,5,27.78,22,62.86,12,29,13,2,10,3,3,0.0,0,2,1.25,0,0,0,Moussa Sissoko,Nantes,27014,1647
0,0,0,13,46.43,19,57.58,3,42.86,2,0,55.17,32,52.46,236,8,6,2,7,0,0,0,7,0,0,0,0,0,14,1,32,3,0,0.0,0,0.0,0,2,4,1,5,1,0,0.0,0,4,0.38,0,0,0,Issa Soumaré,Le Havre,1001458,1662
0,0,0,2,40.0,4,80.0,0,0.0,1,0,85.88,6,60.0,127,1,2,0,4,0,0,0,2,0,0,0,0,0,6,0,73,0,0,0.0,13,72.22,5,9,2,0,1,1,0,0.0,0,0,0.05,1,0,0,Achraf Dari,Stade Brestois,964795,1715
0,1,0,3,60.0,0,0.0,1,100.0,2,0,92.0,3,37.5,29,0,1,0,3,0,0,0,0,0,0,0,0,0,7,0,23,0,0,0.0,1,100.0,0,0,1,0,0,0,0,0.0,0,0,0.0,0,0,0,Cher Ndour,Paris Saint-Germain,1114422,1644
0,0,0,6,40.0,3,60.0,2,40.0,1,0,70.0,9,45.0,115,3,5,0,5,0,0,0,3,0,0,0,0,0,14,0,42,2,2,22.22,4,80.0,2,4,1,0,0,0,0,0.0,0,0,0.0,0,0,0,Ibrahim Diakité,Stade de Reims,1168646,1682
0,1,0,49,37.98,10,29.41,19,38.0,20,2,75.0,59,36.2,766,10,17,26,23,0,0,0,9,2,0,0,0,0,89,0,180,9,3,16.67,4,66.67,7,5,10,1,20,3,8,0.0,2,0,1.12,0,0,0,Antoine Joujou,Le Havre,1463265,1662
0,0,0,17,36.96,2,50.0,5,38.46,5,0,89.3,19,38.0,478,7,7,11,11,0,0,0,8,0,0,0,0,0,62,0,242,0,1,20.0,3,30.0,8,4,4,0,5,2,2,0.0,0,0,0.27,0,0,0,Jean-Victor Makengo,Lorient,802138,1656
0,4,0,10,45.45,8,66.67,1,100.0,9,1,72.66,18,52.94,298,0,7,0,7,0,0,0,4,1,0,0,0,0,21,0,93,3,2,100.0,7,38.89,2,6,5,0,2,0,2,0.0,0,0,0.07,0,0,0,Benjamin Stambouli,Stade de Reims,105951,1682
0,2,0,17,34.0,5,45.45,5,35.71,7,0,79.14,22,36.07,445,5,6,10,12,0,0,0,8,0,0,0,0,0,51,1,129,5,0,0.0,2,50.0,1,1,8,1,4,2,0,0.0,0,0,0.63,0,0,0,Joaquín Correa,Olympique de Marseille,249929,1641
1,2,0,14,33.33,10,58.82,4,66.67,8,0,83.16,24,40.68,426,3,12,7,8,0,0,0,7,2,0,0,0,0,45,0,158,1,1,50.0,8,66.67,2,5,7,1,9,3,2,11.11,0,0,0.43,0,0,0,Skelly Alvero,Olympique Lyonnais,1165722,1649
2,0,1,34,43.59,6,35.29,12,48.0,6,0,80.1,40,42.11,907,16,13,13,19,0,0,0,20,5,0,0,0,0,53,0,153,7,0,0.0,5,83.33,2,8,6,0,11,3,2,18.18,0,3,1.83,0,0,0,Aiyegun Tosin,Lorient,875548,1656
0,1,0,7,70.0,2,40.0,1,50.0,3,0,80.2,9,60.0,239,3,1,0,5,0,0,0,6,0,0,0,0,0,19,0,81,5,3,21.43,1,12.5,1,3,1,0,2,0,1,0.0,0,0,0.04,0,0,0,Yoël Armougom,Clermont Foot,909167,1680
0,2,0,44,40.0,2,22.22,7,38.89,21,0,89.2,46,38.66,1541,16,34,11,27,0,0,0,17,1,0,0,0,0,198,1,793,6,2,66.67,18,60.0,12,17,10,1,5,0,0,0.0,0,0,0.84,0,0,0,Salis Abdul Samed,RC Lens,993455,1648
1,1,0,71,41.04,11,28.95,31,43.66,31,2,66.07,82,38.86,1924,10,8,35,29,0,0,0,29,4,0,0,0,0,77,4,257,22,28,21.88,16,30.19,11,22,19,1,21,7,7,4.76,0,6,1.6,0,1,1,Kevin Van Den Kerkhof,Metz,1130602,1651
0,0,0,9,52.94,1,25.0,4,57.14,1,0,78.57,10,47.62,201,4,0,3,12,0,0,0,7,1,0,0,0,0,24,0,66,3,2,14.29,2,66.67,0,1,2,0,6,2,1,0.0,0,0,0.23,0,0,0,Jérémie Bela,Clermont Foot,282917,1680
1,2,0,19,42.22,3,16.67,5,41.67,4,0,73.0,22,34.92,481,10,9,7,13,0,0,0,6,0,0,0,0,0,27,0,73,0,0,0.0,4,57.14,1,2,3,0,8,2,5,12.5,0,2,1.1,1,0,0,Gift Orban,Olympique Lyonnais,1217613,1649
0,3,0,26,48.15,18,33.96,6,85.71,7,1,69.52,44,41.12,469,14,18,7,21,0,0,0,5,2,0,0,0,0,24,1,73,4,0,0.0,1,100.0,0,4,5,5,10,4,2,0.0,1,4,1.4,0,0,0,Bertuğ Yıldırım,Stade Rennais,1382235,1658
0,2,0,22,44.9,6,60.0,3,42.86,16,1,78.08,28,47.46,800,3,13,7,12,0,0,0,17,0,0,0,0,0,55,3,203,5,2,14.29,18,47.37,7,24,4,0,1,0,0,0.0,0,0,0.05,0,0,0,Kelvin Amian,Nantes,802143,1647
0,0,0,0,0.0,0,0.0,0,0.0,0,0,52.17,0,0.0,72,0,0,0,1,2,1,1,0,1,1,0,0,0,1,0,12,0,0,0.0,7,38.89,0,0,0,0,0,0,0,0.0,0,0,,0,0,0,Guillaume Dietsch,Metz,986770,1651
0,0,0,0,0.0,0,0.0,0,0.0,0,0,100.0,0,0.0,12,0,0,0,2,0,0,0,0,0,0,0,0,0,0,0,5,0,0,0.0,0,0.0,1,3,0,0,0,0,0,0.0,0,0,,0,0,0,Adryelson,Olympique Lyonnais,795261,1649
0,0,0,2,100.0,2,100.0,0,0.0,1,0,80.95,4,100.0,34,1,0,0,4,0,0,0,0,1,0,0,0,0,3,0,17,0,0,0.0,1,33.33,0,1,0,0,0,0,0,0.0,0,0,,0,0,0,Simon Ebonog,Le Havre,1490783,1662
0,0,0,1,50.0,0,0.0,0,0.0,0,0,81.82,1,33.33,26,1,0,1,2,0,0,0,0,0,0,0,0,0,6,0,9,0,0,0.0,0,0.0,0,0,0,1,2,2,0,0.0,0,0,0.55,0,0,0,Mattéo Guendouzi,Olympique de Marseille,852404,1641
0,1,0,10,31.25,7,53.85,0,0.0,6,0,77.16,17,37.78,486,4,10,5,8,0,0,0,6,0,0,0,0,0,35,2,125,4,5,38.46,5,35.71,5,10,6,1,3,0,1,0.0,0,3,0.32,0,0,0,Jhoanner Chávez,RC Lens,1002458,1648
0,1,0,25,40.98,6,50.0,2,33.33,14,0,88.84,31,42.47,720,9,16,5,18,0,0,0,10,2,0,0,0,0,64,1,215,2,1,11.11,14,60.87,9,4,12,0,3,1,0,0.0,0,1,0.26,1,0,0,Jessy Deminguet,RC Strasbourg,902657,1659
0,0,0,1,25.0,0,0.0,0,0.0,0,0,93.02,1,25.0,46,1,1,0,3,0,0,0,1,0,0,0,0,0,15,0,40,0,0,0.0,1,100.0,0,0,2,0,2,1,1,0.0,0,0,0.14,0,0,0,Ethan Mbappé,Paris Saint-Germain,1402698,1644
0,0,0,3,42.86,0,0.0,2,66.67,1,0,83.33,3,30.0,60,0,0,1,5,0,0,0,3,0,0,0,0,0,5,0,20,0,0,0.0,0,0.0,0,0,2,0,3,1,0,0.0,0,0,0.12,0,0,0,Aïman Maurer,Clermont Foot,1146941,1680
0,1,0,10,43.48,2,66.67,2,25.0,0,0,64.71,12,46.15,176,8,3,1,5,0,0,0,1,0,0,0,0,0,13,0,22,2,3,42.86,1,25.0,1,1,3,0,3,0,2,0.0,0,0,0.09,0,0,0,François Régis Mughe,Olympique de Marseille,1403127,1641
0,1,0,3,42.86,0,0.0,2,40.0,1,0,100.0,3,42.86,27,0,1,0,2,0,0,0,2,0,0,0,0,0,2,0,8,1,0,0.0,0,0.0,0,0,0,0,1,0,0,0.0,0,0,0.06,0,0,0,Mohamed-Amine Bouchenna,Clermont Foot,1426226,1680
0,0,0,7,46.67,1,100.0,0,0.0,6,0,83.53,8,50.0,122,1,4,3,8,0,0,0,5,0,0,0,0,0,22,1,71,4,3,25.0,1,20.0,3,2,1,0,1,0,0,0.0,0,0,0.04,0,0,0,Jaouen Hadjam,Nantes,1049534,1647
0,0,0,1,100.0,0,0.0,1,100.0,0,0,100.0,1,50.0,9,0,0,0,1,0,0,0,0,0,0,0,0,0,0,0,1,0,0,0.0,0,0.0,0,0,0,0,0,0,0,0.0,0,0,0.0,0,0,0,Mohamed El Arouch,Olympique Lyonnais,1049187,1649
0,0,0,0,0.0,1,100.0,0,0.0,0,0,75.0,1,100.0,11,0,0,0,1,0,0,0,0,0,0,0,0,0,0,0,3,0,0,0.0,0,0.0,0,0,0,0,0,0,0,0.0,0,0,0.0,0,0,0,Abdellah Baallal,Clermont Foot,1410408,1680
0,0,0,1,50.0,0,0.0,0,0.0,1,0,0.0,1,33.33,9,0,0,0,1,0,0,0,1,0,0,0,0,0,0,0,0,0,0,0.0,0,0.0,1,0,1,0,0,0,0,0.0,0,0,0.0,0,0,0,Enzo Mongo,Nantes,1405985,1647
1,1,0,14,37.84,2,13.33,6,50.0,1,0,74.7,16,30.77,279,7,7,9,12,0,0,0,4,1,0,0,0,0,19,0,62,5,1,20.0,2,50.0,0,0,1,0,5,3,1,20.0,0,2,0.82,0,0,0,Yann Karamoh,Montpellier,802149,1642
0,1,0,17,54.84,18,58.06,0,0.0,11,0,84.94,35,56.45,1022,7,8,0,13,0,0,0,20,1,0,0,0,0,23,0,406,0,0,0.0,28,50.91,12,46,7,0,3,0,1,0.0,0,0,0.33,1,0,0,Nathan Zeze,Nantes,1154687,1647
0,1,0,11,37.93,7,43.75,3,42.86,4,0,80.63,18,40.0,524,5,10,1,8,0,0,0,6,2,0,0,0,0,25,0,179,3,0,0.0,9,36.0,8,15,3,0,1,0,0,0.0,0,0,0.01,0,0,0,Kévin Keben Biakolo,Toulouse,1102504,1681
0,1,0,14,51.85,8,29.63,4,44.44,6,0,64.47,22,40.74,293,4,4,2,12,0,0,0,2,2,0,0,0,0,16,0,49,2,0,0.0,0,0.0,0,1,3,0,3,1,0,0.0,0,5,0.26,0,0,0,Benjamin Tetteh,Metz,796324,1651
0,1,1,13,39.39,1,50.0,9,56.25,0,0,75.51,14,40.0,280,4,3,8,20,0,0,0,0,0,0,0,0,0,40,1,74,7,5,14.71,5,71.43,0,0,4,0,4,2,2,0.0,0,2,0.1,0,0,0,Billal Brahimi,Stade Brestois,948250,1715
0,1,0,6,33.33,3,23.08,3,75.0,2,1,67.35,9,29.03,247,1,6,2,12,0,0,0,3,1,0,0,0,0,17,0,33,1,0,0.0,2,66.67,0,3,3,1,7,2,2,0.0,0,2,0.47,0,0,0,Steve Ngoura,Le Havre,1394411,1662
0,0,0,4,33.33,2,66.67,0,0.0,2,0,77.05,6,40.0,166,2,4,2,7,0,0,0,2,1,0,0,0,0,8,0,47,0,0,0.0,2,33.33,4,2,2,0,2,0,1,0.0,0,0,0.12,0,0,0,Habib Maïga,Metz,359246,1651
0,0,0,22,50.0,2,33.33,6,37.5,5,0,90.48,24,48.0,212,11,4,2,11,0,0,0,5,1,0,0,0,0,12,0,38,1,0,0.0,2,66.67,1,0,6,0,1,1,0,0.0,0,0,0.01,0,0,0,Mamadou Diakhon,Stade de Reims,1495876,1682
0,2,0,24,48.0,7,31.82,1,20.0,11,0,83.33,31,43.06,758,13,13,4,13,0,0,0,9,4,0,0,0,0,21,0,165,2,0,0.0,9,64.29,11,14,8,0,4,1,1,0.0,0,0,0.18,1,0,0,Joseph N'Duquidi,Metz,1392812,1651
0,0,0,10,41.67,2,100.0,3,100.0,3,0,80.0,12,46.15,117,5,10,2,6,0,0,0,3,0,0,0,0,0,10,0,36,0,1,100.0,2,100.0,1,0,3,0,3,1,2,0.0,0,0,0.08,0,0,0,Jean N'Guessan,Metz,1110705,1651
0,0,0,3,30.0,2,66.67,1,50.0,1,0,66.67,5,38.46,82,1,2,4,3,0,0,0,1,0,0,0,0,0,1,0,12,2,2,66.67,0,0.0,0,2,0,1,3,2,0,0.0,0,0,0.08,0,0,0,Faitout Maouassa,RC Lens,801287,1648
0,0,0,13,54.17,3,60.0,10,76.92,0,0,68.66,16,55.17,313,3,3,5,11,0,0,0,3,0,0,0,0,0,27,0,46,5,1,20.0,0,0.0,1,1,0,3,6,2,1,0.0,0,6,0.72,0,0,0,Amine Salama,Stade de Reims,1175856,1682
0,0,0,4,15.38,4,28.57,4,80.0,0,0,76.92,8,20.0,258,0,12,7,10,0,0,0,0,0,0,0,0,0,11,0,30,3,1,100.0,0,0.0,0,2,3,0,4,0,2,0.0,0,1,0.33,0,0,0,Andy Logbo,Le Havre,1494855,1662
0,3,0,14,56.0,3,60.0,1,50.0,10,0,76.47,17,56.67,164,3,7,1,10,0,0,0,4,0,0,0,0,0,16,0,65,0,0,0.0,7,58.33,1,5,2,0,0,0,0,0.0,0,0,,0,0,0,Edan Diop,AS Monaco,1390575,1653
0,0,0,10,43.48,2,100.0,1,33.33,7,0,80.88,12,48.0,121,2,3,3,5,0,0,0,1,1,0,0,0,0,18,0,55,1,0,0.0,1,50.0,0,0,5,0,2,0,1,0.0,0,0,0.18,0,0,0,Mamadou Coulibaly,AS Monaco,1410148,1653
0,0,0,1,50.0,0,0.0,0,0.0,0,0,77.78,1,50.0,31,1,1,0,3,0,0,0,0,0,0,0,0,0,1,0,7,0,0,0.0,0,0.0,0,1,0,0,0,0,0,0.0,0,0,0.0,0,0,0,Eduard Sobol,RC Strasbourg,186017,1659
1,2,2,28,34.15,1,14.29,7,30.43,16,1,80.66,29,32.58,617,5,18,10,23,0,0,0,10,3,0,0,0,0,94,2,196,14,8,18.18,3,60.0,3,2,10,4,15,6,4,6.67,1,5,2.65,0,1,0,Samuel Grandsir,Le Havre,839112,1662
0,0,0,6,28.57,2,20.0,2,40.0,2,0,77.97,8,25.81,164,2,2,6,7,0,0,0,4,1,0,0,0,0,15,0,46,4,0,0.0,1,100.0,0,1,4,0,2,0,0,0.0,0,1,0.07,0,0,0,Komnen Andrić,Clermont Foot,314138,1680
0,0,0,0,0.0,0,0.0,0,0.0,0,0,100.0,0,0.0,9,0,1,0,1,0,0,0,0,0,0,0,0,0,0,0,1,0,0,0.0,0,0.0,0,0,0,0,0,0,0,0.0,0,0,,0,0,0,Lucas Michal,AS Monaco,1154647,1653
0,0,0,0,0.0,0,0.0,0,0.0,0,0,100.0,0,0.0,10,0,0,0,1,0,0,0,0,0,0,0,0,0,0,0,1,0,0,0.0,0,0.0,0,0,0,0,0,0,0,0.0,0,0,,0,0,0,Keyliane Abdallah,Olympique de Marseille,1844117,1641
0,0,0,0,0.0,0,0.0,0,0.0,0,0,50.0,0,0.0,17,0,0,0,1,0,0,0,1,0,0,0,0,0,1,0,1,0,0,0.0,0,0.0,0,0,0,0,0,0,0,0.0,0,0,,0,0,0,Patrick Ouotro,RC Strasbourg,1459308,1659
0,0,0,1,50.0,0,0.0,1,100.0,0,0,50.0,1,33.33,9,0,0,0,1,0,0,0,0,0,0,0,0,0,2,0,2,0,0,0.0,0,0.0,0,0,1,0,0,0,0,0.0,0,0,,0,0,0,Adel Mahamoud,Nantes,1218074,1647
0,1,0,4,44.44,1,25.0,1,100.0,2,0,65.38,5,38.46,93,1,4,1,9,0,0,0,4,0,0,0,0,0,7,0,17,1,0,0.0,0,0.0,1,0,0,2,4,1,1,0.0,0,1,1.28,0,0,0,Adama Bojang,Stade de Reims,1471504,1682
0,0,0,0,0.0,2,66.67,0,0.0,0,0,58.33,2,66.67,30,0,0,0,1,0,0,0,2,0,0,0,0,0,2,0,7,0,0,0.0,0,0.0,0,0,0,0,2,0,1,0.0,0,0,0.09,0,0,0,Adrian Grbić,Lorient,282095,1656
0,3,0,6,28.57,1,12.5,3,100.0,2,0,84.8,7,24.14,312,1,9,4,9,0,0,0,5,1,0,0,0,0,27,0,106,5,2,14.29,5,45.45,4,9,2,0,2,1,0,0.0,0,0,0.07,0,0,0,Thérence Koudou,Stade de Reims,1392080,1682
0,1,0,13,46.43,0,0.0,3,27.27,5,0,83.33,13,43.33,196,5,1,2,7,0,0,0,3,1,0,0,0,0,11,0,30,0,2,16.67,1,33.33,2,1,4,0,1,0,1,0.0,0,1,0.05,0,0,0,Joel Mugisha Mvuka,Lorient,1027091,1656
0,0,0,0,0.0,0,0.0,0,0.0,0,0,100.0,0,0.0,10,0,0,0,1,0,0,0,0,0,0,0,0,0,0,0,4,0,0,0.0,0,0.0,0,0,0,0,0,0,0,0.0,0,0,0.0,0,0,0,Mamadou Sarr,Olympique Lyonnais,1154657,1649
0,0,0,1,33.33,0,0.0,0,0.0,0,0,77.78,1,33.33,16,1,0,2,1,0,0,0,0,0,0,0,0,0,3,0,7,0,1,100.0,0,0.0,0,0,0,0,0,0,0,0.0,0,0,0.0,0,0,0,Karamoko Dembélé,Stade Brestois,981046,1715
0,0,0,1,33.33,3,75.0,0,0.0,0,0,66.67,4,57.14,31,1,0,1,1,0,0,0,0,0,0,0,0,0,1,0,2,0,0,0.0,0,0.0,0,0,1,0,0,0,0,0.0,0,0,0.0,0,0,0,Ibrahima Kone,Lorient,873630,1656
0,0,0,1,50.0,1,33.33,0,0.0,0,0,80.0,2,40.0,9,1,0,0,1,0,0,0,0,0,0,0,0,0,1,0,4,0,0,0.0,0,0.0,0,1,1,0,0,0,0,0.0,0,0,0.0,0,0,0,Mathis Lambourde,Stade Rennais,1426235,1658
0,0,0,0,0.0,0,0.0,0,0.0,0,0,80.0,0,0.0,23,0,0,0,1,0,0,0,1,0,0,0,0,0,0,0,4,0,0,0.0,1,50.0,0,0,0,0,0,0,0,0.0,0,0,0.0,0,0,0,Denis Petrić,Nantes,20705,1647
0,1,0,2,40.0,1,100.0,1,100.0,1,0,78.79,3,50.0,90,0,1,0,1,0,0,0,2,1,0,0,0,0,1,0,26,0,0,0.0,3,75.0,0,7,2,0,0,0,0,0.0,0,0,0.0,0,0,0,Aurelien Pelon,Lorient,1486795,1656
0,0,0,12,41.38,3,37.5,2,28.57,5,0,68.42,15,40.54,150,5,5,5,5,0,0,0,2,0,0,0,0,0,11,0,26,2,1,100.0,1,50.0,1,0,2,0,0,0,0,0.0,0,0,0.0,0,0,0,Bassirou N'Diaye,Lorient,1565896,1656
0,4,0,29,37.66,8,47.06,5,35.71,19,1,72.53,37,39.36,507,5,19,5,21,0,0,0,7,4,0,0,0,0,27,1,132,4,0,0.0,12,54.55,7,8,15,1,7,1,2,0.0,0,0,0.91,0,0,0,Leo Leroy,Montpellier,976001,1642
0,1,0,10,55.56,1,12.5,1,100.0,5,0,70.73,11,42.31,155,4,5,2,5,0,0,0,6,0,0,0,0,0,3,0,29,2,5,38.46,1,100.0,1,2,1,1,4,0,2,0.0,0,0,0.44,0,0,0,Malick Mbaye,Metz,1463503,1651
0,2,0,17,50.0,6,50.0,2,33.33,7,1,78.14,23,50.0,376,8,4,2,19,0,0,0,6,0,0,0,0,0,31,1,143,3,2,9.52,3,17.65,6,15,7,0,2,0,1,0.0,0,0,0.04,1,0,0,Romain Perraud,Nice,827519,1661
0,0,0,1,50.0,2,66.67,0,0.0,0,0,73.63,3,60.0,270,1,0,0,3,8,4,4,5,1,2,0,1,0,0,0,67,0,0,0.0,8,25.81,0,2,1,0,0,0,0,0.0,0,0,0.0,1,0,0,Rémy Riou,Paris FC,13906,6070
0,0,0,2,22.22,1,50.0,0,0.0,1,0,94.51,3,27.27,198,1,3,0,6,0,0,0,5,0,0,0,0,0,5,0,155,0,0,0.0,7,63.64,2,4,3,0,0,0,0,0.0,0,0,0.0,0,0,0,Samuel Umtiti,Lille,96547,1643
0,0,1,7,50.0,2,50.0,2,66.67,3,0,87.84,9,50.0,202,2,3,0,6,0,0,0,9,0,0,0,0,0,8,1,65,2,0,0.0,5,62.5,4,7,3,0,1,0,0,0.0,0,0,0.13,0,0,0,Aboubacar Lô,Metz,991692,1651
0,2,0,7,36.84,1,14.29,3,37.5,3,0,85.0,8,30.77,98,1,3,2,7,0,0,0,1,0,0,0,0,0,11,0,17,1,0,0.0,1,100.0,0,0,2,1,2,0,0,0.0,0,0,0.24,0,0,0,Axel Camblan,Stade Brestois,1135605,1715
0,1,0,4,40.0,1,50.0,0,0.0,2,0,76.32,5,41.67,92,2,2,0,3,0,0,0,1,0,0,0,0,0,4,0,29,0,3,42.86,2,33.33,0,1,1,0,0,0,0,0.0,0,0,0.0,0,0,0,Fabien Centonze,Nantes,802034,1647
0,0,0,0,0.0,0,0.0,0,0.0,0,0,100.0,0,0.0,8,0,0,0,1,0,0,0,0,0,0,0,0,0,2,0,12,0,0,0.0,0,0.0,0,0,0,0,0,0,0,0.0,0,0,,0,0,0,Layvin Kurzawa,Paris Saint-Germain,135775,1644
0,0,0,0,0.0,0,0.0,0,0.0,0,0,100.0,0,0.0,21,0,1,0,2,0,0,0,0,0,0,0,0,0,0,0,1,0,0,0.0,0,0.0,0,0,0,0,0,0,0,0.0,0,0,,0,0,0,Andrej Ilić,Lille,953767,1643
0,1,1,7,33.33,1,33.33,1,100.0,6,0,90.27,8,33.33,132,0,8,3,9,0,0,0,0,1,0,0,0,0,18,0,102,1,1,50.0,5,71.43,1,3,3,0,0,0,0,0.0,0,0,,0,0,0,Ayyoub Bouaddi,Lille,1564180,1643
0,0,0,4,36.36,1,100.0,4,66.67,0,0,66.67,5,41.67,80,0,1,1,4,0,0,0,4,1,0,0,0,0,3,0,14,0,0,0.0,0,0.0,1,1,3,1,4,0,2,0.0,0,0,0.43,0,0,0,Stredair Appuah,Nantes,1405932,1647
0,0,0,2,18.18,0,0.0,1,16.67,0,0,81.82,2,14.29,99,1,1,2,3,0,0,0,3,1,0,0,0,0,7,0,18,1,0,0.0,1,100.0,1,0,1,0,4,2,1,0.0,0,0,0.17,0,0,0,Ilhan Fakili,Clermont Foot,1858278,1680
0,0,0,1,50.0,0,0.0,0,0.0,1,0,100.0,1,50.0,45,0,0,1,1,0,0,0,1,2,0,0,0,0,4,0,14,0,1,25.0,1,100.0,1,2,0,0,1,0,0,0.0,0,0,0.11,0,0,0,Dembo Sylla,Rodez AF,1397569,6925
0,0,0,0,0.0,0,0.0,0,0.0,0,0,100.0,0,0.0,15,0,0,0,1,0,0,0,0,0,0,0,0,0,2,0,8,0,0,0.0,0,0.0,0,0,0,0,1,0,1,0.0,0,1,0.06,0,0,0,Daouda Traore,Nice,1390279,1661
0,0,0,2,50.0,0,0.0,1,50.0,0,0,66.67,2,40.0,15,1,1,0,1,0,0,0,1,1,0,0,0,0,0,0,2,0,0,0.0,0,0.0,0,0,0,0,0,0,0,0.0,0,0,0.0,0,0,0,Royce Openda,Lorient,1634359,1656
0,0,0,1,25.0,0,0.0,0,0.0,0,0,100.0,1,20.0,12,1,1,1,1,0,0,0,0,0,0,0,0,0,1,0,1,0,1,100.0,0,0.0,0,0,0,0,0,0,0,0.0,0,0,0.0,0,0,0,Yanis Issoufou,Montpellier,1426229,1642
0,0,0,0,0.0,0,0.0,0,0.0,0,0,100.0,0,0.0,19,0,0,0,2,0,0,0,0,0,0,0,0,0,0,0,5,0,0,0.0,0,0.0,0,0,0,0,0,0,0,0.0,0,0,,0,0,0,Mohamed Bechikh,RC Strasbourg,1634355,1659
0,0,0,2,22.22,0,0.0,0,0.0,2,0,85.71,2,20.0,21,0,1,2,2,0,0,0,1,0,0,0,0,0,0,0,6,0,0,0.0,0,0.0,2,0,1,0,1,0,0,0.0,0,0,0.03,0,0,0,Sofiane Sidi Ali,Olympique de Marseille,947458,1641
0,1,0,5,20.0,5,38.46,2,22.22,0,0,73.0,10,26.32,271,3,4,6,7,0,0,0,6,0,0,0,0,0,23,1,73,3,0,0.0,1,20.0,2,5,3,3,5,2,0,0.0,0,1,0.72,0,0,0,Diego Moreira,Olympique Lyonnais,1142233,1649
0,2,2,37,51.39,5,38.46,8,57.14,25,0,81.18,42,49.41,542,4,11,6,19,0,0,0,10,1,0,0,0,0,59,0,207,2,2,25.0,8,47.06,4,5,12,0,6,1,2,0.0,0,1,0.17,0,0,0,Rassoul Ndiaye,Le Havre,992026,1662
0,0,0,0,0.0,0,0.0,0,0.0,0,0,66.67,0,0.0,10,0,0,0,1,0,0,0,1,0,0,0,0,0,0,0,4,0,0,0.0,0,0.0,1,0,1,0,0,0,0,0.0,0,0,,0,0,0,Luc Zogbé,Stade Brestois,1499870,1715
0,0,0,0,0.0,0,0.0,0,0.0,0,0,87.5,0,0.0,11,0,1,0,1,0,0,0,0,0,0,0,0,0,1,0,7,0,0,0.0,0,0.0,0,0,0,0,0,0,0,0.0,0,0,,0,0,0,Chaim El Djebali,Olympique Lyonnais,1407658,1649
0,0,0,1,20.0,0,0.0,0,0.0,1,0,84.62,1,20.0,24,0,2,0,1,0,0,0,1,0,0,0,0,0,1,0,11,0,0,0.0,0,0.0,0,2,1,0,0,0,0,0.0,0,0,,0,0,0,Raimane Daou,Olympique de Marseille,1218081,1641
0,1,0,0,0.0,1,100.0,0,0.0,0,0,78.57,1,33.33,13,0,1,1,1,0,0,0,1,0,0,0,0,0,4,0,11,1,0,0.0,0,0.0,0,0,0,0,0,0,0,0.0,0,0,,0,0,0,Ivan M'Bahia,Clermont Foot,1835698,1680
0,0,0,1,100.0,0,0.0,0,0.0,0,0,52.38,1,100.0,90,0,0,0,1,1,0,0,2,0,0,0,0,0,0,0,11,0,0,0.0,1,9.09,0,1,0,0,0,0,0,0.0,0,0,,0,0,0,Jean-Louis Leca,RC Lens,39224,1648
0,0,0,0,0.0,0,0.0,0,0.0,0,0,100.0,0,0.0,10,0,0,0,2,0,0,0,1,0,0,0,0,0,0,0,1,0,0,0.0,0,0.0,0,1,0,0,0,0,0,0.0,0,0,0.0,0,0,0,Hugo Boutsingkham,Nantes,1405999,1647
0,2,0,16,55.17,4,40.0,4,50.0,8,0,72.66,20,51.28,259,4,7,1,5,0,0,0,9,2,0,0,0,0,16,0,93,2,2,20.0,3,30.0,3,6,2,0,1,0,0,0.0,0,0,0.03,0,0,0,Igor Silva,Lorient,831246,1656
0,0,0,1,20.0,0,0.0,0,0.0,1,0,78.57,1,20.0,43,0,1,0,3,0,0,0,0,0,0,0,0,0,5,0,11,0,0,0.0,0,0.0,1,0,0,1,1,0,0,0.0,0,0,0.36,0,0,0,Tiago Morais,Lille,1067284,1643
0,0,0,4,100.0,0,0.0,0,0.0,4,0,87.27,4,80.0,90,0,1,0,1,0,0,0,2,1,0,0,0,0,1,0,48,0,0,0.0,0,0.0,0,3,0,0,0,0,0,0.0,0,1,,0,0,0,Loris Mouyokolo,Lorient,1094793,1656
0,0,0,1,50.0,0,0.0,0,0.0,0,0,66.67,1,50.0,10,1,0,0,1,0,0,0,1,1,0,0,0,0,0,0,2,0,0,0.0,0,0.0,0,0,1,0,0,0,0,0.0,0,0,0.0,0,0,0,Gino Caoki,Lorient,1634358,1656
0,0,0,0,0.0,0,0.0,0,0.0,0,0,33.33,0,0.0,8,0,0,1,1,0,0,0,1,0,0,0,0,0,1,0,1,0,0,0.0,0,0.0,0,0,0,0,0,0,0,0.0,0,0,,0,0,0,Antonin Cartillier,Stade Brestois,1431926,1715
0,0,1,0,0.0,0,0.0,0,0.0,0,0,100.0,0,0.0,9,0,1,0,1,0,0,0,1,0,0,0,0,0,0,0,5,0,0,0.0,0,0.0,0,1,0,0,0,0,0,0.0,0,0,0.0,0,0,0,Bastien Meupiyou,Nantes,1405973,1647
0,0,0,0,0.0,0,0.0,0,0.0,0,0,100.0,0,0.0,3,0,0,0,2,0,0,0,0,0,0,0,0,0,0,0,5,0,0,0.0,0,0.0,0,0,0,0,0,0,0,0.0,0,0,,0,0,0,Djaoui Cissé,Stade Rennais,1445628,1658
0,0,0,0,0.0,0,0.0,0,0.0,0,0,100.0,0,0.0,2,0,1,0,1,0,0,0,0,0,0,0,0,0,0,0,1,0,0,0.0,0,0.0,0,0,0,0,0,0,0,0.0,0,0,0.0,0,0,0,Ichem Ferrah,Lille,1445607,1643
0,0,0,0,0.0,0,0.0,0,0.0,0,0,0.0,0,0.0,1,0,0,0,1,0,0,0,0,0,0,0,0,0,0,0,0,0,0,0.0,0,0.0,0,0,0,0,0,0,0,0.0,0,0,0.0,0,0,0,Lamine Diack,Nantes,982317,1647
0,0,0,0,0.0,0,0.0,0,0.0,0,0,0.0,0,0.0,1,0,0,0,1,0,0,0,0,0,0,0,0,0,0,0,0,0,0,0.0,0,0.0,0,0,0,0,0,0,0,0.0,0,0,0.0,0,0,0,Aaron Malouda,Lille,1513467,1643
0,0,0,0,0.0,0,0.0,0,0.0,0,0,100.0,0,0.0,1,0,1,0,1,0,0,0,1,0,0,0,0,0,1,0,1,0,0,0.0,0,0.0,0,0,0,0,0,0,0,0.0,0,0,0.0,0,0,0,Noam Mayoka-Tika,Olympique de Marseille,1134471,1641
0,0,0,1,100.0,0,0.0,0,0.0,1,0,100.0,1,100.0,1,0,0,0,1,0,0,0,0,0,0,0,0,0,1,0,1,0,0,0.0,0,0.0,0,0,0,0,0,0,0,0.0,0,0,0.0,0,0,0,Christ-Emmanuel Letono Mbondi,Stade de Reims,1537177,1682
